start_station_id,start_station_name,zone_name
7522.02,1 Ave & E 110 St,Harlem
7596.11,1 Ave & E 118 St,Harlem
5779.08,1 Ave & E 16 St,Flatiron
5854.09,1 Ave & E 18 St,Flatiron
6079.03,1 Ave & E 30 St,Flatiron
6230.02,1 Ave & E 38 St,MidtownE
6303.02,1 Ave & E 42 St,MidtownE
6379.03,1 Ave & E 44 St,MidtownE
5626.15,1 Ave & E 6 St,EastVillage
6753.08,1 Ave & E 62 St,UES
6822.09,1 Ave & E 68 St,UES
7286.05,1 Ave & E 94 St,UES
4193.14,1 Pl & Clinton St,Brooklyn
3946.07,1 St & 6 Ave,Brooklyn
6157.04,10 Ave & W 14 St,WestVillage
8543.01,10 Ave & W 202 St,Inwood
8579.09,10 Ave & W 204 St,Inwood
8613.09,10 Ave & W 207 St,Inwood
8679.03,10 Ave & W 215 St,Inwood
6459.04,10 Ave & W 28 St,Chelsea
3922.02,10 St & 2 Ave,Brooklyn
3842.08,10 St & 5 Ave,Brooklyn
3762.08,10 St & 7 Ave,Brooklyn
6499.06,100 St & 37 Ave,Queens
6905.02,100 St & Humphreys St,Queens
6105.02,100 St & Lewis Ave,Queens
6618.02,100 St & Northern Blvd,Queens
6576.07,102 St & 34 Ave,Queens
6337.09,103 St & 41 Ave,Queens
6062.03,103 St & Martense Ave,Queens
6692.03,104 St & 32 Ave,Queens
6457.06,104 St & 38 Ave,Queens
6651.01,104 St & Northern Blvd,Queens
6724.01,107 St & 32 Ave,Queens
6490.02,108 St & 39 Ave,Queens
6138.07,108 St & 52 Ave,Queens
3538.09,11 Ave & Prospect Ave,Brooklyn
6425.04,11 Ave & W 27 St,Chelsea
6726.01,11 Ave & W 41 St,HellsKitchen
7059.01,11 Ave & W 59 St,HellsKitchen
6438.05,11 St & 43 Ave,Queens
6319.04,11 St & 44 Rd,Queens
6567.03,111 St & 37 Ave,Queens
6287.02,111 St & 49 Ave,Queens
6171.02,111 St & 53 Ave,Queens
6448.07,111 St & Roosevelt Ave,Queens
6683.01,112 St & Northern Blvd,Queens
6524.01,114 St & 39 Ave,Queens
3056.05,12 Ave & 36 St,Brooklyn
7886.02,12 Ave & W 125 St,Harlem
6765.01,12 Ave & W 40 St,HellsKitchen
3882.01,12 St & 4 Ave,Brooklyn
3771.06,14 St & 5 Ave,Brooklyn
3731.11,14 St & 7 Ave,Brooklyn
3811.05,16 St & 4 Ave,Brooklyn
3699.07,17 St & 5 Ave,Brooklyn
7062.07,18 St & 27 Ave,Queens
7186.15,19 St & 24 Ave,Queens
3547.04,19 St & 8 Ave,Brooklyn
3532.02,2 Ave & 32 St,Brooklyn
3460.01,2 Ave & 36 St,Brooklyn
3460.06,2 Ave & 37 St,Brooklyn
7622.12,2 Ave & E 122 St,Harlem
7648.16,2 Ave & E 125 St,Harlem
6122.09,2 Ave & E 29 St,Flatiron
6197.11,2 Ave & E 31 St,Flatiron
6925.09,2 Ave & E 72 St,UES
7338.02,2 Ave & E 96 St,UES
7386.10,2 Ave & E 99 St,UES
7256.01,20 Ave & 31 St,Queens
7196.04,20 Ave & 38 St,Queens
7163.07,20 Ave & 42 St,Queens
7066.01,20 Ave & 48 St,Queens
7391.02,20 Ave & Shore Blvd,Queens
7060.02,21 Ave & 80 St,Queens
7284.01,21 Ave & Crescent St,Queens
7342.01,21 Ave & Shore Blvd,Queens
7363.03,21 St & 20 Ave,Queens
7314.03,21 St & 21 Ave,Queens
7210.07,21 St & 23 Ave,Queens
6865.03,21 St & 31 Dr,Queens
6729.02,21 St & 36 Ave,Queens
6656.05,21 St & 38 Ave,Queens
3668.04,21 St & 4 Ave,Brooklyn
6395.01,21 St & 43 Ave,Queens
7126.01,21 St & Hoyt Ave S,Queens
6471.02,21 St & Queens Plaza North,Queens
7178.02,23 Ave & 27 St,Queens
6921.04,23 Ave & 83 St,Queens
7082.14,23 Rd & 31 St,Queens
3707.01,23 St & 3 Ave,Brooklyn
6929.01,23 St & 31 Ave,Queens
7152.10,24 Ave & 26 St,Queens
7119.04,24 Ave & 29 St,Queens
6885.01,24 Ave & 87 St,Queens
6913.03,24 Ave & 92 St,Queens
6581.14,24 St & 38 Ave,Queens
3555.04,24 St & 5 Ave,Brooklyn
6943.07,25 Ave & 41 St,Queens
6817.15,25 Ave & 85 St,Queens
6877.06,25 Ave & 96 St,Queens
7165.01,26 Ave & 2 St,Queens
7132.08,27 Ave & 3 St,Queens
7098.05,27 Ave & 9 St,Queens
6310.06,27 St & Hunter St,Queens
6951.03,28 Ave & 35 St,Queens
6879.04,28 Ave & 44 St,Queens
6614.01,28 St & 36 Ave,Queens
6462.19,28 St & 41 Ave,Queens
6462.09,29 St & 40 Ave,Queens
3523.06,29 St & 5 Ave,Brooklyn
6194.06,29 St & Skillman Ave,Queens
3850.03,3 Ave & 14 St,Brooklyn
3779.02,3 Ave & 17 St,Brooklyn
4143.04,3 Ave & Carroll St,Brooklyn
7414.17,3 Ave & E 100 St,UES
7504.19,3 Ave & E 109 St,UES
7543.15,3 Ave & E 112 St,Harlem
7974.01,3 Ave & E 163 St,Bronx
8103.05,3 Ave & E 169 St,Bronx
8137.06,3 Ave & E 170 St,Bronx
8205.05,3 Ave & E 172 St,Bronx
8241.07,3 Ave & E 174 St,Bronx
8526.03,3 Ave & E 189 St,Bronx
6830.04,3 Ave & E 62 St,UES
6960.12,3 Ave & E 71 St,UES
7028.04,3 Ave & E 72 St,UES
7154.10,3 Ave & E 82 St,UES
8315.03,3 Ave & E Tremont Ave,Bronx
8012.04,3 Ave & Franklin Ave,Bronx
4437.01,3 Ave & Schermerhorn St,Brooklyn
2883.03,3 Ave & Wakeman Pl,Brooklyn
4028.03,3 St & 3 Ave,Brooklyn
3905.15,3 St & 7 Ave,Brooklyn
4110.10,3 St & Hoyt St,Brooklyn
3865.05,3 St & Prospect Park West,Brooklyn
7034.09,30 Ave & 12 St,Queens
6996.01,30 Ave & 21 St,Queens
6812.06,30 Ave & 41 St,Queens
6774.13,30 Ave & 47 St,Queens
6727.02,30 Ave & 70 St,Queens
6787.02,30 Ave & 80 St,Queens
6772.11,30 Ave & 96 St,Queens
3564.04,30 St & 4 Ave,Brooklyn
6076.02,30 St & 48 Ave,Queens
6763.08,31 Ave & 103 St,Queens
6966.04,31 Ave & 14 St,Queens
6857.09,31 Ave & 30 St,Queens
6819.15,31 Ave & 34 St,Queens
6621.06,31 Ave & 57 St,Queens
6654.05,31 Ave & 61 St,Queens
6709.01,31 Ave & 84 St,Queens
6709.05,31 Ave & 86 St,Queens
6893.10,31 Ave & Crescent St,Queens
6782.01,31 Ave & Steinway St,Queens
6033.01,31 Pl & Hunters Point Ave,Queens
7202.07,31 St & 21 Ave,Queens
6989.07,31 St & Astoria Blvd,Queens
6789.20,31 St & Broadway,Queens
7144.02,31 St & Ditmars Blvd,Queens
7018.01,31 St & Hoyt Ave N,Queens
6923.20,31 St & Newtown Ave,Queens
6495.17,31 St & Northern Blvd,Queens
6227.02,31 St & Thomson Ave,Queens
6645.06,32 Ave & 75 St,Queens
6603.06,32 Ave & 77 St,Queens
6677.03,32 Ave & 81 St,Queens
6636.04,32 Ave & 84 St,Queens
6185.04,33 St & 47 Ave,Queens
6185.07,33 St & Queens Blvd,Queens
6609.03,34 Ave & 108 St,Queens
6642.08,34 Ave & 113 St,Queens
6836.07,34 Ave & 13 St,Queens
6798.01,34 Ave & 21 St,Queens
6720.07,34 Ave & 31 St,Queens
6638.08,34 Ave & 38 St,Queens
6596.10,34 Ave & 45 St,Queens
6554.05,34 Ave & 48 St,Queens
6493.03,34 Ave & 71 St,Queens
6451.07,34 Ave & 74 St,Queens
6518.13,34 Ave & 83 St,Queens
6552.07,34 Ave & 89 St,Queens
6585.11,34 Ave & Junction Blvd,Queens
6873.01,34 Ave & Vernon Blvd,Queens
6605.08,34 St & 35 Ave,Queens
6453.02,34 St & 38 Ave,Queens
3492.04,34 St & 4 Ave,Brooklyn
6110.01,34 St & 48 Ave,Queens
3451.01,34 St & 5 Ave,Brooklyn
6806.06,35 Ave & 10 St,Queens
6563.12,35 Ave & 37 St,Queens
7170.04,35 St & 21 Ave,Queens
7047.07,35 St & 23 Ave,Queens
6887.03,35 St & 30 Ave,Queens
6679.11,35 St & 34 Ave,Queens
6750.16,35 St & Broadway,Queens
6737.03,36 Ave & 10 St,Queens
6572.08,36 Ave & 31 St,Queens
3460.02,36 St & 3 Ave,Brooklyn
3420.01,36 St & 4 Ave,Brooklyn
6143.01,36 St & 47 Ave,Queens
7111.10,36 St & Ditmars Blvd,Queens
5992.02,36 St & Hunters Point Ave,Queens
6260.04,36 St & Queens Blvd,Queens
6533.02,37 Ave & 106 St,Queens
6524.09,37 Ave & 113 St,Queens
6529.02,37 Ave & 35 St,Queens
6340.09,37 Ave & 63 St,Queens
6981.16,37 St & 24 Ave,Queens
6538.11,38 Ave & 29 St,Queens
6850.01,38 St & 30 Ave,Queens
6486.07,38 St & Northern Blvd,Queens
6401.03,39 Ave & 45 St,Queens
6392.02,39 Ave & 54 St,Queens
6349.03,39 Ave & 56 St,Queens
6380.10,39 Ave & 99 St,Queens
6316.05,39 Dr & 52 St,Queens
6143.05,39 St & 47 Ave,Queens
6025.08,39 St & 50 Ave,Queens
6218.04,39 St & Queens Blvd,Queens
3739.06,4 Ave & 17 St,Brooklyn
3596.04,4 Ave & 26 St,Brooklyn
4028.04,4 Ave & 3 St,Brooklyn
3955.05,4 Ave & 9 St,Brooklyn
5788.15,4 Ave & E 12 St,EastVillage
2832.03,4 Ave & Shore Road Dr,Brooklyn
6664.05,40 Ave & 9 St,Queens
6462.05,40 Ave & Crescent St,Queens
3388.03,40 St & 3 Ave,Brooklyn
6176.11,40 St & Queens Blvd,Queens
6225.03,41 Ave & 67 St,Queens
6290.06,41 Ave & 77 St,Queens
6249.02,41 Ave & 80 St,Queens
3388.02,41 St & 3 Ave,Brooklyn
3347.03,41 St & 4 Ave,Brooklyn
6371.03,42 Ave & 108 St,Queens
6520.07,42 Pl & Northern Blvd,Queens
3428.02,42 St & 1 Ave,Brooklyn
6405.03,43 Ave & 111 St,Queens
6292.03,43 Ave & 40 St,Queens
6251.06,43 Ave & 42 St,Queens
6209.05,43 Ave & 47 St,Queens
7009.06,43 St & 23 Ave,Queens
6520.06,43 St & 35 Ave,Queens
6401.01,43 St & 37 Ave,Queens
5983.04,43 St & 50 Ave,Queens
6670.03,43 St & Broadway,Queens
6325.01,43 St & Skillman Ave,Queens
6319.03,44 Dr & 21 St,Queens
6352.01,44 Dr & Jackson Ave,Queens
3356.05,44 St & 2 Ave,Brooklyn
3315.05,44 St & 3 Ave,Brooklyn
6058.08,44 St & 48 Ave,Queens
6134.13,44 St & Greenpoint Ave,Queens
6319.07,45 Ave & 21 St,Queens
6319.01,45 Rd & 11 St,Queens
3275.03,45 St & 4 Ave,Brooklyn
6286.02,46 Ave & 5 St,Queens
6231.01,46 Ave & Junction Blvd,Queens
6245.08,46 Rd & 11 St,Queens
6907.03,46 St & 25 Ave,Queens
6842.02,46 St & 28 Ave,Queens
6703.06,46 St & 30 Rd,Queens
3161.02,46 St & 6 Ave,Brooklyn
3117.05,46 St & 7 Ave,Brooklyn
6209.08,46 St & Queens Blvd,Queens
6295.07,47 Ave & 104 St,Queens
6329.06,47 Ave & 109 St,Queens
6151.03,47 Ave & 31 St,Queens
6092.01,47 Ave & 48 St,Queens
6237.01,47 Ave & Skillman Ave,Queens
3243.02,47 St & 3 Ave,Brooklyn
6067.01,48 Ave & 37 St,Queens
6101.11,48 Ave & 41 St,Queens
6212.04,48 Ave & 5 St,Queens
3283.05,48 St & 2 Ave,Brooklyn
6435.02,48 St & 37 Ave,Queens
3202.06,48 St & 5 Ave,Brooklyn
6016.06,48 St & 50 Ave,Queens
6358.05,48 St & Barnett Ave,Queens
6629.06,48 St & Broadway,Queens
6283.05,48 St & Skillman Ave,Queens
6255.02,49 Ave & 108 St,Queens
6128.04,49 Ave & 21 St,Queens
6119.01,49 Ave & 27 St,Queens
6804.01,49 St & 25 Ave,Queens
6662.01,49 St & 31 Ave,Queens
3987.06,5 Ave & 3 St,Brooklyn
3379.03,5 Ave & 37 St,Brooklyn
3306.03,5 Ave & 41 St,Brooklyn
3233.02,5 Ave & 44 St,Brooklyn
2782.02,5 Ave & 67 St,Brooklyn
7511.19,5 Ave & E 103 St,UES
7769.06,5 Ave & E 135 St,Harlem
6248.08,5 Ave & E 30 St,Flatiron
6904.06,5 Ave & E 63 St,UES
7100.07,5 Ave & E 72 St,UES
7161.08,5 Ave & E 78 St,UES
7323.09,5 Ave & E 87 St,UES
7701.21,5 Ave & W 126 St,Harlem
7735.05,5 Ave & W 131 St,Harlem
7851.04,5 Ave & W 139 St,Harlem
6137.04,5 St & 51 Ave,Queens
3874.01,5 St & 6 Ave,Brooklyn
4843.01,5 St & Market St,Brooklyn
5956.05,50 Ave & 65 St,Queens
6735.03,50 St & 30 Ave,Queens
3038.08,50 St & 7 Ave,Brooklyn
6435.03,50 St & Barnett Ave,Queens
6511.03,50 St & Northern Blvd,Queens
5923.02,51 Ave & 61 St,Queens
6180.05,51 Ave & Alstyne Ave,Queens
6113.07,51 Ave & Junction Blvd,Queens
6047.03,51 Ave & Van Loon St,Queens
6242.10,51 St & 43 Ave,Queens
6662.09,51 St & Hobart St,Queens
6167.03,51 St & Queens Blvd,Queens
3253.01,52 St & 1 Ave,Brooklyn
3084.05,52 St & 6 Ave,Brooklyn
5806.01,53 Ave & 62 St,Queens
6037.02,53 Ave & 94 St,Queens
3211.06,53 St & 2 Ave,Brooklyn
3169.07,53 St & 4 Ave,Brooklyn
3129.08,53 St & 5 Ave,Brooklyn
5257.01,53 St & Flushing Ave,Queens
6200.03,53 St & Roosevelt Ave,Queens
6468.01,54 St & 37 Ave,Queens
6005.04,55 Ave & 90 St,Queens
6070.05,55 Ave & 97 Pl,Queens
6104.01,55 Ave & Center Blvd,Queens
5579.04,55 Dr & Maurice Ave,Queens
3050.03,55 St & 5 Ave,Brooklyn
2951.05,55 St & 7 Ave,Brooklyn
6502.01,55 St & Northern Blvd,Queens
5962.04,56 Ave & 92 St,Queens
5995.07,56 Ave & Junction Blvd,Queens
5579.02,56 Dr & 59 St,Queens
5540.06,56 Dr & 61 St,Queens
3138.03,56 St & 2 Ave,Brooklyn
5289.05,56 St & Arnold Ave,Queens
6028.01,57 Ave & 98 Pl,Queens
5510.05,57 Rd & 58 St,Queens
5510.02,57 Rd & 59 St,Queens
3178.02,57 St & 1 Ave,Brooklyn
6426.05,57 St & 37 Ave,Queens
3093.07,57 St & 4 Ave,Brooklyn
6158.06,57 St & 43 Ave,Queens
2861.02,57 St & 7 Ave,Brooklyn
5440.05,57 St & Grand Ave,Queens
6579.03,58 St & 32 Ave,Queens
5548.01,58 St & 56 Dr,Queens
3220.01,58 St & Pier 4,Brooklyn
3011.03,59 St & 4 Ave,Brooklyn
6234.08,59 St & 41 Ave,Queens
2961.05,59 St & 5 Ave,Brooklyn
5401.03,59 St & 59 Rd,Queens
3803.05,6 Ave & 12 St,Brooklyn
3628.11,6 Ave & 21 St,Brooklyn
3000.08,6 Ave & 55 St,Brooklyn
2912.08,6 Ave & 60 St,Brooklyn
3803.09,6 Ave & 9 St,Brooklyn
5610.09,6 Ave & Broome St,WestVillage
5500.07,6 Ave & Canal St,WestVillage
6364.07,6 Ave & W 33 St,Chelsea
6364.10,6 Ave & W 34 St,Chelsea
6593.15,6 Ave & W 45 St,MidtownC
5430.10,6 Ave & Walker St,Tribeca
3834.10,6 St & 7 Ave,Brooklyn
5321.08,60 Ave & Fresh Pond Rd,Queens
5878.02,60 Ave & Junction Blvd,Queens
5945.01,60 Ave & Otis Ave,Queens
4985.09,60 Pl & 67 Ave,Queens
5138.03,60 Pl & Bleecker St,Queens
5431.01,60 Pl & Flushing Ave,Queens
5097.02,60 Pl & Linden St,Queens
6383.06,60 St & 37 Ave,Queens
5360.02,60 St & 60 Rd,Queens
6307.07,61 St & 39 Ave,Queens
4830.02,61 St & 60 Ln,Queens
5611.04,61 St & Borden Ave,Queens
5998.09,61 St & Laurel Hill Blvd,Queens
6116.03,61 St & Queens Blvd,Queens
6191.06,61 St & Woodside Ave,Queens
6460.06,62 St & 34 Ave,Queens
2923.01,62 St & 4 Ave,Brooklyn
6191.04,62 St & 43 Ave,Queens
6536.02,62 St & Northern Blvd,Queens
2872.02,63 St & 5 Ave,Brooklyn
5392.04,63 St & 59 Dr,Queens
5611.05,63 St & Borden Ave,Queens
2971.02,64 St & 3 Ave,Brooklyn
5956.04,64 St & 51 Ave,Queens
5688.02,64 St & 53 Dr,Queens
5057.09,64 St & Woodbine St,Queens
5199.01,65 Ln & Metropolitan Ave,Queens
5764.02,65 Pl & 53 Ave,Queens
6149.02,65 Pl & Woodside Ave,Queens
3019.02,65 St & 2 Ave,Brooklyn
6417.04,65 St & 35 Ave,Queens
6417.11,65 St & Broadway,Queens
4977.03,65 St & Otto Rd,Queens
6267.08,65 St & Roosevelt Ave,Queens
5057.07,67 Ave & Fresh Pond Rd,Queens
2733.03,67 St & Erik Pl,Brooklyn
6298.04,69 St & 38 Ave,Queens
6108.03,69 St & 43 Ave,Queens
3660.07,7 Ave & 17 St,Brooklyn
3588.01,7 Ave & 20 St,Brooklyn
3515.01,7 Ave & 22 St,Brooklyn
3266.01,7 Ave & 40 St,Brooklyn
3192.05,7 Ave & 41 St,Brooklyn
2821.05,7 Ave & 62 St,Brooklyn
6912.01,7 Ave & Central Park South,MidtownC
4125.07,7 Ave & Park Pl,Brooklyn
6847.05,7 Ave & W 55 St,MidtownC
5805.07,7 Ave S & Bleecker St,WestVillage
3996.01,7 St & 3 Ave,Brooklyn
3914.02,7 St & 5 Ave,Brooklyn
4871.02,71 Ave & Myrtle Ave,Queens
6612.09,71 St & 32 Ave,Queens
6374.05,71 St & 37 Ave,Queens
6686.07,72 St & 31 Ave,Queens
6258.03,72 St & 41 Ave,Queens
6258.02,72 St & Broadway,Queens
6570.06,72 St & Northern Blvd,Queens
6141.02,72 St & Woodside Ave,Queens
6757.03,73 St & 25 Ave,Queens
6332.06,74 St & 37 Ave,Queens
6216.01,74 St & Woodside Ave,Queens
6408.08,75 St & 35 Ave,Queens
6527.07,75 St & Northern Blvd,Queens
7032.02,76 St & 21 Ave,Queens
6099.02,76 St & 45 Ave,Queens
6825.03,77 St & 24 Ave,Queens
6718.02,77 St & 31 Ave,Queens
6603.07,78 St & Northern Blvd,Queens
6365.10,79 St & 37 Ave,Queens
6290.13,79 St & Roosevelt Ave,Queens
6174.03,79 St & Woodside Ave,Queens
6072.11,8 Ave & W 16 St,Chelsea
6224.06,8 Ave & W 24 St,Chelsea
6297.07,8 Ave & W 27 St,Chelsea
6450.05,8 Ave & W 31 St,Chelsea
6450.12,8 Ave & W 33 St,Chelsea
6526.05,8 Ave & W 38 St,HellsKitchen
6747.07,8 Ave & W 49 St,HellsKitchen
6816.07,8 Ave & W 52 St,HellsKitchen
7068.07,8 St & Astoria Blvd,Queens
6855.02,81 St & 24 Ave,Queens
6561.01,81 St & 34 Ave,Queens
6442.08,81 St & 35 Ave,Queens
6748.04,82 St & 30 Ave,Queens
6132.01,82 St & Broadway,Queens
6323.04,84 St & Roosevelt Ave,Queens
6594.02,85 St & Northern Blvd,Queens
6475.07,86 St & 35 Ave,Queens
6399.06,86 St & 37 Ave,Queens
6780.06,87 St & 30 Ave,Queens
6356.01,87 St & Roosevelt Ave,Queens
6848.04,88 St & Astoria Blvd,Queens
6190.08,9 Ave & W 18 St,Chelsea
8559.04,9 Ave & W 204 St,Inwood
8696.05,9 Ave & W 219 St,Inwood
6266.06,9 Ave & W 22 St,Chelsea
6492.08,9 Ave & W 33 St,Chelsea
6644.08,9 Ave & W 39 St,HellsKitchen
6717.06,9 Ave & W 45 St,HellsKitchen
6361.03,9 St & 44 Rd,Queens
6668.06,90 St & 32 Ave,Queens
6080.07,90 St & 51 Ave,Queens
6949.03,91 St & 23 Ave,Queens
6741.03,91 St & 31 Ave,Queens
6509.07,92 St & 35 Ave,Queens
6433.01,92 St & 37 Ave,Queens
6810.01,92 St & Astoria Blvd,Queens
6627.12,93 St & Northern Blvd,Queens
6390.05,93 St & Roosevelt Ave,Queens
5920.03,94 St & 57 Ave,Queens
6465.04,95 St & 35 Ave,Queens
6660.07,96 St & Northern Blvd,Queens
6941.03,97 St & 23 Ave,Queens
5953.03,97 St & 57 Ave,Queens
6840.02,98 St & 25 Ave,Queens
6304.04,98 St & 41 Ave,Queens
6660.05,99 St & 32 Ave,Queens
6542.05,99 St & 35 Ave,Queens
6423.03,99 St & 38 Ave,Queens
6146.01,99 St & 50 Ave,Queens
5987.03,99 St & 58 Ave,Queens
6733.01,99 St & Astoria Blvd,Queens
8579.05,Academy St & Nagle Ave,Inwood
7643.18,Adam Clayton Powell Blvd & W 115 St,Harlem
7670.09,Adam Clayton Powell Blvd & W 118 St,Harlem
7704.04,Adam Clayton Powell Blvd & W 123 St,Harlem
7738.04,Adam Clayton Powell Blvd & W 126 St,Harlem
7774.02,Adam Clayton Powell Blvd & W 130 St,Harlem
7814.01,Adam Clayton Powell Blvd & W 132 St,Harlem
7855.03,Adam Clayton Powell Blvd & W 138 St,Harlem
7893.05,Adam Clayton Powell Blvd & W 141 St,Harlem
8009.05,Adam Clayton Powell Blvd & W 151 St,Harlem
4821.10,Adams St & Prospect St,Brooklyn
4620.02,Adelphi St & Myrtle Ave,Brooklyn
3791.02,Albany Ave & Carroll St,Brooklyn
4237.02,Albany Ave & Fulton St,Brooklyn
3975.02,Albany Ave & Park Pl,Brooklyn
5145.02,Albany St & Greenwich St,Fidi
3180.09,Albemarle Rd & E 21 St,Brooklyn
3166.03,Albemarle Rd & McDonald Ave,Brooklyn
7712.04,Alexander Ave & E 134 St,Bronx
5343.10,Allen St & Hester St,LES
5414.06,Allen St & Rivington St,LES
5484.09,Allen St & Stanton St,LES
5217.03,Amory Ct & Metropolitan Ave,Queens
7727.07,Amsterdam Ave & W 119 St,Harlem
7800.03,Amsterdam Ave & W 125 St,Harlem
7842.16,Amsterdam Ave & W 131 St,Harlem
7920.05,Amsterdam Ave & W 136 St,Harlem
8069.01,Amsterdam Ave & W 152 St,Harlem
8104.10,Amsterdam Ave & W 156 St,Inwood
8172.07,Amsterdam Ave & W 162 St,Inwood
8206.17,Amsterdam Ave & W 167 St,Inwood
8242.04,Amsterdam Ave & W 172 St,Inwood
8278.05,Amsterdam Ave & W 175 St,Inwood
8353.02,Amsterdam Ave & W 180 St,Inwood
8353.09,Amsterdam Ave & W 183 St,Inwood
8394.15,Amsterdam Ave & W 186 St,Inwood
8432.11,Amsterdam Ave & W 189 St,Inwood
7149.05,Amsterdam Ave & W 66 St,UWS
7260.09,Amsterdam Ave & W 73 St,UWS
7311.02,Amsterdam Ave & W 79 St,UWS
7360.10,Amsterdam Ave & W 82 St,UWS
8096.03,Anderson Ave & W 164 St,Bronx
8520.01,Andrew Ave N & Hall of Fame Tce,Bronx
8483.02,Andrews Ave S & W 179 St,Bronx
8319.01,Anthony Ave & E 175 St,Bronx
8356.04,Anthony Ave & E Tremont Ave,Bronx
8535.09,Aqueduct Ave & North St,Bronx
8605.06,Aqueduct Ave & W 190 St,Bronx
8430.03,Arthur Ave & E 183 St,Bronx
8293.12,Arthur Ave & E Tremont Ave,Bronx
6019.04,Ash St & Manhattan Ave,Brooklyn
4513.09,Ashland Pl & Dekalb Ave,Brooklyn
7159.08,Astoria Park S & Shore Blvd,Queens
4354.07,Atlantic Ave & Fort Greene Pl,Brooklyn
4614.04,Atlantic Ave & Furman St,Brooklyn
8491.07,Audubon Ave & Fort George Ave,Inwood
8316.02,Audubon Ave & W 179 St,Inwood
8469.05,Audubon Ave & W 192 St,Inwood
5703.13,Ave A & E 11 St,EastVillage
5779.11,Ave A & E 14 St,EastVillage
5769.06,Ave C & E 16 St,Flatiron
5575.13,Ave D & E 10 St,EastVillage
5575.08,Ave D & E 12 St,EastVillage
5436.09,Ave D & E 3 St,EastVillage
5506.10,Ave D & E 8 St,EastVillage
8643.01,Bailey Ave & Sedgwick Ave,Bronx
8676.01,Bailey Ave & W 193 St,Bronx
8741.01,Bailey Ave & W 229 St,Bronx
8831.03,Bailey Ave & W 234 St,Bronx
8862.02,Bailey Ave & W 238 St,Bronx
8682.06,Bainbridge Ave & Bedford Park Blvd,Bronx
8582.10,Bainbridge Ave & E 193 St,Bronx
8615.01,Bainbridge Ave & E 196 St,Bronx
8649.03,Bainbridge Ave & E 198 St,Bronx
5922.08,Bank St & Hudson St,WestVillage
5964.01,Bank St & Washington St,WestVillage
5633.04,Banker St & Meserole Ave,Brooklyn
5216.04,Barclay St & Church St,Tribeca
5805.05,Barrow St & Hudson St,WestVillage
7844.05,Barry St & Tiffany St,Bronx
3931.09,Bay St & Court St,Brooklyn
5351.03,Bayard St & Baxter St,Tribeca
5442.05,Bayard St & Leonard St,Brooklyn
4840.06,Beaver St & Fayette St,Brooklyn
7807.04,Beck St & Leggett Ave,Bronx
3256.04,Bedford Ave & Albemarle Rd,Brooklyn
4066.15,Bedford Ave & Bergen St,Brooklyn
3140.09,Bedford Ave & Beverley Rd,Brooklyn
3439.03,Bedford Ave & Clarkson Ave,Brooklyn
3552.09,Bedford Ave & Fenimore St,Brooklyn
3625.04,Bedford Ave & Maple St,Brooklyn
3736.03,Bedford Ave & Montgomery St,Brooklyn
5550.05,Bedford Ave & Nassau Ave,Brooklyn
5093.01,Bedford Ave & S 9 St,Brooklyn
8752.01,Bedford Park Blvd & Paul Ave,Bronx
6314.09,Benham St & Roosevelt Ave,Queens
7858.02,Bergen Ave & E 152 St,Bronx
4322.06,Bergen St & 4 Ave,Brooklyn
4072.02,Bergen St & Buffalo Ave,Brooklyn
4281.08,Bergen St & Flatbush Ave,Brooklyn
4089.01,Bergen St & Kingston Ave,Brooklyn
4055.04,Bergen St & Mother Gaston Blvd,Brooklyn
4064.03,Bergen St & Saratoga Ave,Brooklyn
4446.01,Bergen St & Smith St,Brooklyn
4048.03,Bergen St & Troy Ave,Brooklyn
4157.10,Bergen St & Vanderbilt Ave,Brooklyn
4134.06,Berkeley Pl & 6 Ave,Brooklyn
4051.01,Berkeley Pl & 7 Ave,Brooklyn
5379.09,Berry St & N 8 St,Brooklyn
3187.01,Beverley Rd & E 49 St,Brooklyn
3180.02,Beverley Rd & Flatbush Ave,Brooklyn
3132.09,Beverley Rd & Nostrand Ave,Brooklyn
5335.03,Bialystoker Pl & Delancey St,LES
5679.08,Bleecker St & Crosby St,EastVillage
5176.04,Bleecker St & Forest Ave,Queens
5004.02,Boerum St & Broadway,Brooklyn
4404.10,Bond St & Bergen St,Brooklyn
4479.06,Bond St & Fulton St,Brooklyn
8110.04,Boone Ave & E 172 St,Bronx
6086.02,Borden Ave & 25 St,Queens
6001.01,Borden Ave & Review Ave,Queens
8048.04,Boston Rd & E 167 St,Bronx
8248.05,Boston Rd & E 178 St,Bronx
8133.08,Boston Rd & Prospect Ave,Bronx
8212.01,Boston Rd & West Farms Rd,Bronx
8646.02,Botanical Sq & Webster Ave,Bronx
7992.04,Bradhurst Ave & W 148 St,Harlem
5917.02,Bradley Ave & Greenpoint Ave,Queens
4181.10,Brevoort Pl & Bedford Ave,Brooklyn
4968.03,Bridge St & Front St,Brooklyn
4853.06,Bridge St & York St,Brooklyn
4962.08,Broad St & Bridge St,Fidi
6901.01,Broadway & 12 St,Queens
6587.04,Broadway & 49 St,Queens
6545.07,Broadway & 51 St,Queens
6332.10,Broadway & 74 St,Queens
4962.01,Broadway & Battery Pl,Fidi
5164.05,Broadway & Berry St,Brooklyn
5905.12,Broadway & E 14 St,EastVillage
5980.11,Broadway & E 19 St,Flatiron
6098.10,Broadway & E 21 St,Flatiron
8547.04,Broadway & Ellwood St,Inwood
4244.06,Broadway & Furman Ave,Brooklyn
4441.06,Broadway & Hancock St,Brooklyn
5134.09,Broadway & Kent Ave,Brooklyn
4608.01,Broadway & Kosciuszko St,Brooklyn
4483.10,Broadway & Madison St,Brooklyn
5033.01,Broadway & Morris St,Fidi
7823.03,Broadway & Moylan Pl,Harlem
5125.07,Broadway & Roebling St,Brooklyn
8879.02,Broadway & Van Cortlandt Park S,Bronx
7783.18,Broadway & W 122 St,Harlem
7865.09,Broadway & W 131 St,Harlem
7903.02,Broadway & W 133 St,Harlem
7942.07,Broadway & W 138 St,Harlem
7981.16,Broadway & W 142 St,Harlem
8089.05,Broadway & W 153 St,Harlem
8123.06,Broadway & W 157 St,Inwood
8157.06,Broadway & W 160 St,Inwood
8191.01,Broadway & W 165 St,Inwood
8226.06,Broadway & W 168 St,Inwood
8416.07,Broadway & W 185 St,Inwood
8511.08,Broadway & W 192 St,Inwood
8715.01,Broadway & W 220 St,Inwood
8849.03,Broadway & W 234 St,Bronx
8879.03,Broadway & W 238 St,Bronx
6173.08,Broadway & W 25 St,Flatiron
6289.06,Broadway & W 29 St,Flatiron
6441.01,Broadway & W 36 St,MidtownC
6441.02,Broadway & W 37 St,MidtownC
6560.15,Broadway & W 38 St,MidtownC
6560.01,Broadway & W 41 St,MidtownC
6708.04,Broadway & W 48 St,MidtownC
6779.05,Broadway & W 53 St,MidtownC
6847.02,Broadway & W 56 St,MidtownC
6948.10,Broadway & W 58 St,MidtownC
7014.12,Broadway & W 61 St,UWS
4883.03,Broadway & Whipple St,Brooklyn
8284.01,Bronx Park S & Bryant Ave,Bronx
7618.01,Bronx Shore Comfort Station,Queens
7707.08,Brook Ave & E 138 St,Bronx
7740.08,Brook Ave & E 141 St,Bronx
7816.14,Brook Ave & E 148 St,Bronx
7935.07,Brook Ave & E 157 St,Bronx
3164.04,Brooklyn Ave & Beverley Rd,Brooklyn
4131.03,Brooklyn Ave & Dean St,Brooklyn
3688.06,Brooklyn Ave & Lefferts Ave,Brooklyn
4057.04,Brooklyn Ave & Prospect Pl,Brooklyn
3278.07,Brooklyn Ave & Snyder Ave,Brooklyn
3205.06,Brooklyn Ave & Tilden Ave,Brooklyn
4756.04,Brooklyn Bridge Park - Pier 2,Brooklyn
8535.01,Buchanan Pl & Grand Ave,Bronx
3814.01,Buffalo Ave & E New York Ave,Brooklyn
3885.06,Buffalo Ave & St John's Pl,Brooklyn
6766.03,Bulova Ave & Brooklyn Queens Expressway W,Queens
4889.06,Bus Slip & State St,Fidi
4680.05,Bushwick Ave & Dekalb Ave,Brooklyn
4914.03,Bushwick Ave & Forrest St,Brooklyn
4317.05,Bushwick Ave & Furman Ave,Brooklyn
4640.01,Bushwick Ave & Harman St,Brooklyn
4600.09,Bushwick Ave & Linden St,Brooklyn
5027.02,Bushwick Ave & McKibbin St,Brooklyn
5250.05,Bushwick Ave & Powers St,Brooklyn
5140.06,Bushwick Ave & Stagg St,Brooklyn
6869.06,Butler St & 27 Ave,Queens
4339.01,Butler St & Court St,Brooklyn
8358.10,Cabrini Blvd & W 177 St,Inwood
4821.06,Cadman Plaza E & Red Cross Pl,Brooklyn
4677.01,Cadman Plaza E & Tillary St,Brooklyn
5743.02,Calyer St & Jewel St,Brooklyn
5676.04,Calyer St & West St,Brooklyn
4377.04,Cambridge Pl & Gates Ave,Brooklyn
5303.08,Canal St & Rutgers St,LES
4199.12,Carlton Ave & Dean St,Brooklyn
4732.08,Carlton Ave & Flushing Ave,Brooklyn
4386.07,Carlton Ave & Greene Ave,Brooklyn
4732.04,Carlton Ave & Park Ave,Brooklyn
4199.13,Carlton Ave & St Marks Ave,Brooklyn
5763.03,Carmine St & 6 Ave,WestVillage
4060.09,Carroll St & 5 Ave,Brooklyn
4019.06,Carroll St & 6 Ave,Brooklyn
4348.07,Carroll St & Columbia St,Brooklyn
3847.04,Carroll St & Franklin Ave,Brooklyn
3742.11,Carroll St & Rochester Ave,Brooklyn
4225.14,Carroll St & Smith St,Brooklyn
3782.03,Carroll St & Utica Ave,Brooklyn
3887.03,Carroll St & Washington Ave,Brooklyn
6273.03,Case St & 94 St,Queens
4912.10,Catalpa Ave & Woodward Ave,Queens
7680.03,Cathedral Pkwy & Broadway,UWS
5128.04,Catherine St & Monroe St,Tribeca
3303.03,Caton Ave & Argyle Rd,Brooklyn
3368.04,Caton Ave & Bedford Ave,Brooklyn
3230.01,Caton Ave & E 10 St,Brooklyn
3199.01,Caton Ave & E 7 St,Brooklyn
3335.09,Caton Ave & St. Pauls Pl,Brooklyn
7913.15,Cauldwell Ave & E 158 St,Bronx
7952.02,Cauldwell Ave & E 161 St,Bronx
8575.02,Cedar Ave & W Fordham Rd,Bronx
4721.01,Cedar St & Evergreen Ave,Brooklyn
4751.01,Cedar St & Myrtle Ave,Brooklyn
6254.06,Center Blvd & 48 Ave,Queens
6179.07,Center Blvd & 51 Ave,Queens
4550.05,Central Ave & Covert St,Brooklyn
4432.10,Central Ave & Decatur St,Brooklyn
4947.04,Central Ave & Flushing Ave,Brooklyn
4713.01,Central Ave & Himrod St,Brooklyn
4832.07,Central Ave & Melrose St,Brooklyn
4792.03,Central Ave & Starr St,Brooklyn
4591.04,Central Ave & Weirfield St,Brooklyn
4632.10,Central Ave & Woodbine St,Brooklyn
7617.07,Central Park North & Adam Clayton Powell Blvd,0
6876.04,Central Park S & 6 Ave,MidtownC
6839.15,Central Park S & Grand Army Plaza,MidtownC
7577.27,Central Park W & W 103 St,UWS
7079.06,Central Park W & W 68 St,UWS
7141.07,Central Park W & W 72 St,UWS
7253.04,Central Park W & W 76 St,UWS
7354.01,Central Park W & W 85 St,UWS
7453.01,Central Park W & W 91 St,UWS
7538.18,Central Park W & W 97 St,UWS
5207.01,Centre St & Chambers St,Tribeca
4837.03,Centre St & Seneca Ave,Queens
5279.03,Centre St & Worth St,Tribeca
8167.04,Charlotte St & Boston Rd,Bronx
4293.05,Chauncey St & Howard Ave,Brooklyn
4228.06,Chauncey St & Malcolm X Blvd,Brooklyn
4196.05,Chauncey St & Stuyvesant Ave,Brooklyn
5181.04,Cherry St,LES
3135.04,Chester Ave & 12 Ave,Brooklyn
5847.01,Christopher St & Greenwich St,WestVillage
3309.04,Church Ave & E 42 St,Brooklyn
3341.06,Church Ave & E 45 St,Brooklyn
3090.06,Church Ave & McDonald Ave,Brooklyn
3359.01,Church Ave & Nostrand Ave,Brooklyn
3007.05,Church Ave & Story St,Brooklyn
5359.13,Church St & Worth St,Tribeca
8756.03,Claflin Ave & Reservoir Ave,Bronx
4789.03,Clark St & Henry St,Brooklyn
3463.01,Clarkson Ave & E 37 St,Brooklyn
3423.10,Clarkson Ave & E 40 St,Brooklyn
3472.03,Clarkson Ave & Nostrand Ave,Brooklyn
3454.01,Clarkson Ave & Troy Ave,Brooklyn
3486.02,Clarkson Ave & Utica Ave,Brooklyn
4074.14,Classon Ave & St Marks Ave,Brooklyn
8225.05,Clay Ave & Claremont Pkwy,Bronx
8281.06,Clay Ave & E 173 St,Bronx
4461.01,Clermont Ave & Lafayette Ave,Brooklyn
4692.01,Clermont Ave & Park Ave,Brooklyn
5492.05,Cleveland Pl & Spring St,LES
5065.14,Cliff St & Fulton St,Fidi
4485.10,Clifton Pl & Bedford Ave,Brooklyn
4762.04,Clinton Ave & Flushing Ave,Brooklyn
4651.02,Clinton Ave & Myrtle Ave,Brooklyn
4119.04,Clinton St & 4 Place,Brooklyn
4045.01,Clinton St & Centre St,Brooklyn
5190.09,Clinton St & Cherry St,LES
5303.06,Clinton St & Grand St,LES
4605.04,Clinton St & Joralemon St,Brooklyn
4748.07,Clinton St & Tillary St,Brooklyn
4266.03,Clinton St & Union St,Brooklyn
4137.10,Coffey St & Conover St,Brooklyn
4137.14,Coffey St & Ferris St,Brooklyn
8141.05,College Ave & E 169 St,Bronx
8175.06,College Ave & E 170 St,Bronx
4829.01,Columbia Heights & Cranberry St,Brooklyn
4422.04,Columbia St & Degraw St,Brooklyn
4422.05,Columbia St & Kane St,Brooklyn
4013.08,Columbia St & Lorraine St,Brooklyn
5365.02,Columbia St & Rivington St,LES
4086.05,Columbia St & W 9 St,Brooklyn
7595.17,Columbus Ave & W 103 St,UWS
6986.07,Columbus Ave & W 59 St,UWS
7175.05,Columbus Ave & W 72 St,UWS
7520.07,Columbus Ave & W 95 St,UWS
4146.02,Columbus Pl & Atlantic Ave,Brooklyn
4243.01,Commerce St & Van Brunt St,Brooklyn
4781.03,Concord St & Bridge St,Brooklyn
8000.02,Concourse Village East & E 158 St,Bronx
7962.01,Concourse Village West & E 156 St,Bronx
4455.10,Congress St & Clinton St,Brooklyn
4497.09,Congress St & Hicks St,Brooklyn
7860.08,Convent Ave & W 135 St,Harlem
8049.10,Convent Ave & W 151 St,Harlem
4862.07,Cooper Ave & 65 Pl,Queens
5712.03,Cooper Square & Astor Pl,EastVillage
6222.04,Corona Ave & 102 St,Queens
6053.01,Corona Ave & 111 St,Queens
6123.02,Corona Ave & 90 St,Queens
6155.03,Corona Ave & 92 St,Queens
6188.04,Corona Ave & 98 St,Queens
3121.01,Cortelyou Rd & Albany Ave,Brooklyn
2984.04,Cortelyou Rd & Argyle Rd,Brooklyn
3022.01,Cortelyou Rd & E 19 St,Brooklyn
3087.01,Cortelyou Rd & E 34 St,Brooklyn
2898.01,Cortelyou Rd & Stratford Rd,Brooklyn
4077.07,Court St & Nelson St,Brooklyn
4488.08,Court St & State St,Brooklyn
7840.05,Courtlandt Ave & E 149 St,Bronx
8447.07,Crescent Ave & Belmont Ave,Bronx
6958.06,Crescent St & 30 Ave,Queens
6759.15,Crescent St & 34 Ave,Queens
6688.01,Crescent St & 35 Ave,Queens
6827.11,Crescent St & Broadway,Queens
7233.05,Crescent St & Ditmars Blvd,Queens
8257.03,Crotona Ave & Crotona Park N,Bronx
8330.05,Crotona Ave & E 179 St,Bronx
8387.03,Crotona Ave & E 183 St,Bronx
8502.04,Crotona Ave & E Fordham Rd,Bronx
8182.02,Crotona Park East & E 173 St,Bronx
8236.01,Crotona Park North & Prospect Ave,Bronx
8325.12,Crotona Pkwy & Bronx Park S,Bronx
8252.03,Crotona Pkwy & Elsmere Pl,Bronx
3768.02,Crown St & Rogers Ave,Brooklyn
3751.05,Crown St & Troy Ave,Brooklyn
4428.02,Cumberland St & Lafayette Ave,Brooklyn
4765.07,Cypress Ave & George St,Queens
4921.04,Cypress Ave & Palmetto St,Queens
4687.03,Cypress Ave & St Felix Ave,Queens
4904.03,Cypress Hills St & Otto Rd,Queens
3208.07,Dahill Rd & 12 Ave,Brooklyn
8441.05,Davidson Ave & W Burnside Ave,Bronx
6278.05,Davis St & Jackson Ave,Queens
7888.10,Dawson St & Intervale Ave,Bronx
4562.02,DeKalb Ave & Bedford Ave,Brooklyn
4528.01,DeKalb Ave & Franklin Ave,Brooklyn
4513.06,DeKalb Ave & Hudson Ave,Brooklyn
4546.06,DeKalb Ave & S Portland Ave,Brooklyn
4461.04,DeKalb Ave & Vanderbilt Ave,Brooklyn
4107.13,Dean St & Franklin Ave,Brooklyn
4446.05,Dean St & Hoyt St,Brooklyn
4096.08,Dean St & Rockaway Ave,Brooklyn
8664.06,Decatur Ave & Bedford Park Blvd,Bronx
8597.01,Decatur Ave & E 197 St,Bronx
8631.03,Decatur Ave & Oliver Pl,Bronx
4366.10,Decatur St & Saratoga Ave,Brooklyn
4217.06,Degraw St & 3 Ave,Brooklyn
4258.07,Degraw St & Hoyt St,Brooklyn
4298.05,Degraw St & Smith St,Brooklyn
5414.07,Delancey St & Eldridge St,LES
5259.06,Devoe St & Lorimer St,Brooklyn
5282.02,Devoe St & Morgan Ave,Brooklyn
6970.02,Ditmars Blvd & 102 St,Queens
7291.06,Ditmars Blvd & 19 St,Queens
6793.01,Ditmars Blvd & 31 Dr,Queens
7039.03,Ditmars Blvd & 43 St,Queens
6935.01,Ditmars Blvd & 48 St,Queens
6964.05,Ditmars Blvd & 73 St,Queens
6927.03,Ditmars Blvd & 76 St,Queens
6994.06,Ditmars Blvd & 79 St,Queens
6978.04,Ditmars Blvd & 94 St,Queens
5045.05,Division Ave & Hooper St,Brooklyn
5084.03,Division Ave & Marcy Ave,Brooklyn
5311.08,Division St & Bowery,Tribeca
4804.02,Dock 72 Way & Market St,Brooklyn
4903.09,Dock St & Front St,Brooklyn
4217.02,Douglass St & 3 Ave,Brooklyn
4175.14,Douglass St & 4 Ave,Brooklyn
5481.04,Driggs Ave & Lorimer St,Brooklyn
5411.08,Driggs Ave & N 9 St,Brooklyn
5542.04,Driggs Ave & N Henry St,Brooklyn
5235.10,Driggs Ave & S 2 St,Brooklyn
5359.12,Duane St & Hudson St,Tribeca
4596.05,Duffield St & Willoughby St,Brooklyn
4054.06,Dwight St & Dikeman St,Brooklyn
3981.10,Dwight St & Van Dyke St,Brooklyn
8507.02,Dyckman St & 10 Ave,Inwood
8636.04,Dyckman St & Henshaw St,Inwood
8655.02,Dyckman St & Staff St,Inwood
5593.01,E 1 St & 1 Ave,EastVillage
5636.13,E 1 St & Bowery,EastVillage
5746.02,E 10 St & 2 Ave,EastVillage
5872.08,E 10 St & 5 Ave,WestVillage
5659.05,E 10 St & Ave A,EastVillage
7407.13,E 102 St & 1 Ave,UES
7488.24,E 102 St & Park Ave,UES
7436.16,E 103 St & 2 Ave,UES
7463.09,E 103 St & Lexington Ave,UES
7456.03,E 106 St & 1 Ave,UES
7504.18,E 106 St & Lexington Ave,UES
7528.31,E 106 St & Madison Ave,UES
5746.14,E 11 St & 1 Ave,EastVillage
5788.16,E 11 St & 3 Ave,EastVillage
5659.11,E 11 St & Ave B,EastVillage
5829.12,E 11 St & Broadway,WestVillage
7540.02,E 114 St & 1 Ave,Harlem
7599.09,E 115 St & Lexington Ave,Harlem
7599.02,E 115 St & Madison Ave,Harlem
7563.06,E 116 St & 2 Ave,Harlem
7611.02,E 118 St & 3 Ave,Harlem
7640.04,E 118 St & Madison Ave,Harlem
7625.18,E 118 St & Park Ave,Harlem
5788.12,E 12 St & 3 Ave,EastVillage
5616.08,E 12 St & Ave C,EastVillage
7636.05,E 123 St & Lexington Ave,Harlem
7696.07,E 128 St & 3 Ave,Harlem
7735.23,E 128 St & Madison Ave,Harlem
5820.08,E 13 St & 2 Ave,EastVillage
5779.09,E 13 St & Ave A,EastVillage
7748.02,E 132 St & Madison Ave,Harlem
7642.04,E 133 St & Cypress Pl,Bronx
7613.04,E 134 St & Walnut Ave,Bronx
7687.05,E 135 St & St Ann's Ave,Bronx
7809.13,E 138 St & 5 Ave,Harlem
7669.10,E 138 St & Cypress Ave,Bronx
7803.08,E 138 St & Grand Concourse,Bronx
7803.02,E 138 St & Park Ave,Bronx
7654.04,E 138 St & Willow Ave,Bronx
5779.10,E 14 St & 1 Ave,EastVillage
5736.09,E 14 St & Ave B,Flatiron
7703.14,E 141 St & Jackson Ave,Bronx
7722.06,E 141 St & St Ann's Ave,Bronx
7781.10,E 142 St & 3 Ave,Bronx
7777.02,E 144 St & Brook Ave,Bronx
7840.11,E 147 St & Bergen Ave,Bronx
7793.02,E 149 St & Eagle Ave,Bronx
7812.01,E 149 St & Jackson Ave,Bronx
7863.03,E 149 St & Morris Ave,Bronx
7884.04,E 149 St & Park Ave,Bronx
5863.07,E 15 St & 3 Ave,Flatiron
5947.06,E 15 St & 5 Ave,Flatiron
8025.01,E 153 St & E 157 St,Bronx
7940.02,E 155 St & Courtlandt Ave,Bronx
7896.11,E 156 St & Brook Ave,Bronx
7940.04,E 156 St & Courtlandt Ave,Bronx
8005.03,E 157 St & River Ave,Bronx
7957.11,E 158 St & Melrose Ave,Bronx
6022.04,E 16 St & 5 Ave,Flatiron
3070.04,E 16 St & Cortelyou Rd,Brooklyn
5938.11,E 16 St & Irving Pl,Flatiron
7931.05,E 160 St & Tinton Ave,Bronx
7979.17,E 161 St & Park Ave,Bronx
8041.07,E 161 St & River Ave,Bronx
7927.08,E 163 St & Tiffany St,Bronx
7970.05,E 163 St & Union Ave,Bronx
8052.02,E 165 St & Clay Ave,Bronx
7966.02,E 165 St & Fox St,Bronx
8130.02,E 165 St & Jerome Ave,Bronx
8040.03,E 167 St & Bryant Ave,Bronx
8088.01,E 167 St & Clay Ave,Bronx
8048.01,E 167 St & Franklin Ave,Bronx
8024.05,E 169 St & Fox St,Bronx
8122.04,E 169 St & Webster Ave,Bronx
5896.01,E 17 St & 2 Ave,Flatiron
3148.08,E 17 St & Beverley Rd,Brooklyn
5980.10,E 17 St & Broadway,Flatiron
8156.01,E 170 St & Clay Ave,Bronx
8194.07,E 170 St & Sheridan Ave,Bronx
8156.03,E 170 St & Webster Ave,Bronx
8171.06,E 171 St & 3 Ave,Bronx
8190.03,E 171 St & Webster Ave,Bronx
8144.09,E 174 St & Longfellow Ave,Bronx
8285.09,E 174 St & Walton Ave,Bronx
8272.08,E 176 St & Clinton Ave,Bronx
8351.06,E 178 St & Monterey Ave,Bronx
8268.08,E 179 St & Daly Ave,Bronx
8288.11,E 179 St & Southern Blvd,Bronx
3263.01,E 18 St & Church Ave,Brooklyn
8392.02,E 180 St & Monterey Ave,Bronx
8346.06,E 180 St & Prospect Ave,Bronx
8415.01,E 181 St & Bathgate Ave,Bronx
8410.10,E 182 St & Belmont Ave,Bronx
8494.07,E 182 St & Grand Concourse,Bronx
8494.01,E 182 St & Morris Ave,Bronx
8451.07,E 182 St & Park Ave,Bronx
8467.03,E 184 St & 3 Ave,Bronx
8489.06,E 187 St & 3 Ave,Bronx
8566.05,E 188 St & Creston Ave,Bronx
8485.01,E 188 St & Hughes Ave,Bronx
8505.08,E 189 St & Bathgate Ave,Bronx
5938.01,E 19 St & 3 Ave,Flatiron
3148.09,E 19 St & Beverley Rd,Brooklyn
8541.04,E 191 St & Bathgate Ave,Bronx
5593.02,E 2 St & 2 Ave,EastVillage
5553.10,E 2 St & Ave A,EastVillage
5515.02,E 2 St & Ave B,EastVillage
5476.03,E 2 St & Ave C,EastVillage
5971.08,E 20 St & 2 Ave,Flatiron
5886.13,E 20 St & FDR Dr,Flatiron
6055.08,E 20 St & Park Ave,Flatiron
8717.07,E 201 St & Briggs Ave,Bronx
3294.03,E 21 St & Church Ave,Brooklyn
5971.09,E 22 St & 2 Ave,Flatiron
5929.01,E 23 St & 1 Ave,Flatiron
5929.07,E 23 St & FDR Dr,Flatiron
6131.1,E 24 St & Park Ave S,Flatiron
6004.07,E 25 St & 1 Ave,Flatiron
6046.02,E 25 St & 2 Ave,Flatiron
6089.11,E 26 St & 3 Ave,Flatiron
6004.06,E 27 St & 1 Ave,Flatiron
6131.13,E 27 St & Park Ave S,Flatiron
5553.03,E 3 St & 1 Ave,EastVillage
3046.03,E 3 St & Church Ave,Brooklyn
6206.08,E 30 St & Park Ave S,Flatiron
6239.08,E 31 St & 3 Ave,Flatiron
6280.12,E 32 St & Park Ave,Flatiron
6197.08,E 33 St & 1 Ave,Flatiron
6322.01,E 33 St & 5 Ave,Flatiron
3318.05,E 34 St & Church Ave,Brooklyn
3391.10,E 34 St & Linden Blvd,Brooklyn
6398.08,E 35 St & Madison Ave,MidtownE
3350.04,E 38 St & Church Ave,Brooklyn
6389.09,E 39 St & Lexington Ave,MidtownE
5593.04,E 4 St & 2 Ave,EastVillage
5515.08,E 4 St & Ave B,EastVillage
6474.11,E 40 St & 5 Ave,MidtownE
6432.11,E 40 St & Park Ave,MidtownE
6422.08,E 43 St & 2 Ave,MidtownE
6551.11,E 43 St & Madison Ave,MidtownE
6422.09,E 44 St & 2 Ave,MidtownE
6464.09,E 44 St & Lexington Ave,MidtownE
6464.08,E 45 St & 3 Ave,MidtownE
6498.09,E 47 St & 1 Ave,MidtownE
6498.10,E 47 St & 2 Ave,MidtownE
6584.12,E 47 St & Park Ave,MidtownE
6541.03,E 48 St & 3 Ave,MidtownE
6626.01,E 48 St & 5 Ave,MidtownE
3229.07,E 48 St & Tilden Ave,Brooklyn
3300.04,E 49 St & Church Ave,Brooklyn
5626.06,E 5 St & Ave A,EastVillage
5545.04,E 5 St & Ave C,EastVillage
5712.12,E 5 St & Cooper Sq,EastVillage
6659.10,E 50 St & Park Ave,MidtownE
6532.06,E 51 St & 1 Ave,MidtownE
6575.03,E 51 St & 2 Ave,MidtownE
6659.01,E 51 St & Lexington Ave,MidtownE
3373.01,E 51 St & Linden Blvd,Brooklyn
6617.02,E 53 St & 3 Ave,MidtownE
6617.09,E 53 St & Lexington Ave,MidtownE
6659.03,E 53 St & Madison Ave,MidtownE
6608.09,E 54 St & 1 Ave,MidtownE
6650.07,E 55 St & 2 Ave,MidtownE
6691.11,E 56 St & 3 Ave,MidtownE
6732.01,E 56 St & Madison Ave,MidtownE
6682.03,E 58 St & 1 Ave (NE Corner),MidtownE
6723.10,E 58 St & 1 Ave (NW Corner),MidtownE
6762.02,E 58 St & 3 Ave,MidtownE
6839.04,E 58 St & Madison Ave,MidtownE
5669.12,E 6 St & 2 Ave,EastVillage
5584.04,E 6 St & Ave B,EastVillage
5506.14,E 6 St & Ave D,EastVillage
6682.08,E 60 St & York Ave,UES
6801.16,E 61 St & Madison Ave,UES
6830.02,E 63 St & 3 Ave,UES
6860.12,E 65 St & 2 Ave,UES
6969.08,E 66 St & Madison Ave,UES
6932.14,E 67 St & Park Ave,UES
6896.16,E 68 St & 3 Ave,UES
6932.15,E 68 St & Madison Ave,UES
5626.07,E 7 St & Ave A,EastVillage
5584.05,E 7 St & Ave B,EastVillage
5545.01,E 7 St & Ave C,EastVillage
6998.08,E 72 St & Park Ave,UES
6889.12,E 72 St & York Ave,UES
6953.08,E 74 St & 1 Ave,UES
6991.12,E 75 St & 3 Ave,UES
7128.08,E 76 St & Park Ave,UES
7020.02,E 77 St & 1 Ave,UES
7092.06,E 77 St & 3 Ave,UES
7057.07,E 78 St & 2 Ave,UES
3272.01,E 8 St & Caton Ave,Brooklyn
7121.02,E 80 St & 2 Ave,UES
7188.10,E 81 St & Park Ave,UES
7084.12,E 81 St & York Ave,UES
7049.04,E 82 St & East End Ave,UES
7180.02,E 84 St & 1 Ave,UES
7243.04,E 84 St & Park Ave,UES
7212.05,E 85 St & 3 Ave,UES
7146.04,E 85 St & York Ave,UES
7235.13,E 88 St & 1 Ave,UES
7293.10,E 88 St & Park Ave,UES
7265.10,E 89 St & 3 Ave,UES
7204.08,E 89 St & York Ave,UES
5872.10,E 9 St & 5 Ave,WestVillage
5616.01,E 9 St & Ave C,EastVillage
7286.01,E 91 St & 2 Ave,UES
7344.05,E 91 St & Park Ave,UES
7286.02,E 93 St & 2 Ave,UES
7344.01,E 94 St & Madison Ave,UES
7365.13,E 95 St & 3 Ave,UES
7365.08,E 97 St & 3 Ave,UES
7393.09,E 97 St & Madison Ave,UES
7443.17,E 98 St & Park Ave,UES
8397.02,E Burnside Ave & Ryer Ave,Bronx
8582.09,E Fordham Rd & Webster Ave,Bronx
5436.11,E Houston St & Columbia St,LES
8748.02,E Mosholu Pkwy & E 204 St,Bronx
8778.01,E Mosholu Pkwy & Van Cortlandt Ave E,Bronx
3680.04,E New York Ave & Troy Ave,Brooklyn
3671.01,E New York Ave & Utica Ave,Brooklyn
8356.02,E Tremont Ave & E 176 St,Bronx
8403.02,E Tremont Ave & Jerome Ave,Bronx
5902.07,Eagle St & Manhattan Ave,Brooklyn
8672.05,Eames Pl & Claflin Ave,Bronx
7113.08,East End Ave & E 86 St,UES
3871.02,Eastern Pkwy & Brooklyn Ave,Brooklyn
3919.07,Eastern Pkwy & Franklin Ave (NE Corner),Brooklyn
3919.12,Eastern Pkwy & Franklin Ave (SW Corner),Brooklyn
3902.06,Eastern Pkwy & Kingston Ave,Brooklyn
3911.05,Eastern Pkwy & Nostrand Ave,Brooklyn
3845.05,Eastern Pkwy & Ralph Ave,Brooklyn
3853.02,Eastern Pkwy & Rochester Ave,Brooklyn
3893.03,Eastern Pkwy & Schenectady Ave,Brooklyn
3982.01,Eastern Pkwy & St Marks Ave,Brooklyn
3862.07,Eastern Pkwy & Troy Ave,Brooklyn
3928.08,Eastern Pkwy & Washington Ave,Brooklyn
8379.06,Echo Pl & Grand Concourse,Bronx
7915.11,Edgecombe Ave & W 141 St,Harlem
7976.08,Edgecombe Ave & W 145 St,Harlem
8049.05,Edgecombe Ave & W 150 St,Harlem
8187.04,Edgecombe Ave & W 167 St,Inwood
4399.03,Eldert St & Bushwick Ave,Brooklyn
5248.05,Eliot Ave & 60 Ln,Queens
6240.05,Elmhurst Ave & Forley St,Queens
6314.02,Elmhurst Ave & Roosevelt Ave,Queens
4683.02,Emerson Pl & Myrtle Ave,Brooklyn
3728.04,Empire Blvd & New York Ave,Brooklyn
5473.03,Engert Ave & McGuinness Blvd,Brooklyn
4873.08,Evergreen Ave & Noll St,Brooklyn
6230.04,FDR Drive & E 35 St,MidtownE
7922.01,Faile St & Garrison Ave,Bronx
8272.05,Fairmount Pl & Prospect Ave,Bronx
5066.03,Fairview Ave & Linden St,Queens
8285.11,Featherbed Ln & Jerome Ave,Bronx
8327.15,Featherbed Ln & Nelson Ave,Bronx
3856.03,Flatbush Ave & Eastern Pkwy,Brooklyn
3520.01,Flatbush Ave & Fenimore St,Brooklyn
3593.1,Flatbush Ave & Lincoln Rd,Brooklyn
3704.04,Flatbush Ave & Ocean Ave,Brooklyn
4762.05,Flushing Ave & Vanderbilt Ave,Brooklyn
5225.02,Flushing Ave & Woodward Ave,Queens
4798.02,Forest Ave & Summerfield St,Queens
6198.03,Forley St & Lamont Ave,Queens
5453.05,Forsyth St & Broome St,LES
5270.07,Forsyth St & Canal St,LES
5382.07,Forsyth St & Grand St,LES
3280.04,Fort Hamilton Pkwy & E 2 St,Brooklyn
3240.15,Fort Hamilton Pkwy & E 5 St,Brooklyn
8320.01,Fort Washington Ave & W 173 St,Inwood
8399.06,Fort Washington Ave & W 183 St,Inwood
8496.01,Fort Washington Ave & W 190 St,Inwood
8118.02,Franklin Ave & E 169 St,Bronx
4715.01,Franklin Ave & Myrtle Ave,Brooklyn
4410.02,Franklin Ave & Quincy St,Brooklyn
4107.05,Franklin Ave & St Marks Ave,Brooklyn
5944.01,Franklin St & Dupont St,Brooklyn
5430.08,Franklin St & W Broadway,Tribeca
8100.01,Frederick Douglass Blvd & Harlem River Dr,Inwood
7631.23,Frederick Douglass Blvd & W 112 St,Harlem
7658.13,Frederick Douglass Blvd & W 115 St,Harlem
7688.12,Frederick Douglass Blvd & W 117 St,Harlem
7795.09,Frederick Douglass Blvd & W 129 St,Harlem
7876.07,Frederick Douglass Blvd & W 139 St,Harlem
7954.12,Frederick Douglass Blvd & W 145 St,Harlem
8080.01,Freeman St & Reverend James A Polite Ave,Bronx
8060.01,Freeman St & Southern Blvd,Bronx
4945.06,Fresh Pond Rd & 69 Ave,Queens
5280.03,Fresh Pond Rd & Eliot Ave,Queens
5501.06,Fresh Pond Rd & Flushing Ave,Queens
4927.04,Front St & Gold St,Brooklyn
4895.03,Front St & Jay St,Brooklyn
4953.08,Front St & Pine St,Fidi
4936.01,Front St & Washington St,Brooklyn
5433.04,Frost St & Debevoise Ave,Brooklyn
5371.07,Frost St & Meeker Ave,Brooklyn
8084.03,Fulton Ave & E 168 St,Bronx
8186.01,Fulton Ave & E 172 St,Bronx
8152.03,Fulton Ave & St Paul's Pl,Bronx
4637.06,Fulton St & Adams St,Brooklyn
5175.08,Fulton St & Broadway,Fidi
4386.05,Fulton St & Clermont Ave,Brooklyn
4263.12,Fulton St & Irving Pl,Brooklyn
4179.03,Fulton St & Saratoga Ave,Brooklyn
4228.02,Fulton St & Utica Ave,Brooklyn
4345.11,Fulton St & Waverly Ave,Brooklyn
5137.11,Fulton St & William St,Fidi
4120.02,Fulton St & Williams Ave,Brooklyn
3978.13,Garfield Pl & 8 Ave,Brooklyn
7905.05,Garrison Ave & Manida St,Bronx
4906.07,George St & Wilson Ave,Brooklyn
7868.05,Gerard Ave & E 146 St,Bronx
8077.07,Gerard Ave & E 164 St,Bronx
8145.03,Gerard Ave & McClellan St,Bronx
8786.01,Giles Pl & Fort Independence St,Bronx
6869.10,Gillmore St & 27 Ave,Queens
6281.01,Gleane St & Britton Ave,Queens
8269.01,Goble Pl & Macombs Rd,Bronx
5137.12,Gold St & Frankfort St,Fidi
8738.01,Goulden Ave & Bedford Park Blvd,Bronx
8707.01,Goulden Ave & W 197 St,Bronx
8799.01,Goulden Ave & W 205 St,Bronx
5291.05,Graham Ave & Conselyea St,Brooklyn
5178.06,Graham Ave & Grand St,Brooklyn
5403.05,Graham Ave & Herbert St,Brooklyn
5403.04,Graham Ave & Withers St,Brooklyn
6013.12,Gramercy Park N & Gramercy Park E,Flatiron
4010.15,Grand Army Plaza & Plaza St West,Brooklyn
5369.01,Grand Ave & 55 St,Queens
5471.04,Grand Ave & 58 Ave,Queens
4190.06,Grand Ave & Bergen St,Brooklyn
5570.04,Grand Ave & Remsen Pl,Queens
8500.01,Grand Ave & W 181 St,Bronx
8571.02,Grand Ave & W Fordham Rd,Bronx
7845.06,Grand Concourse & E 144 St,Bronx
7984.04,Grand Concourse & E 156 St,Bronx
8021.11,Grand Concourse & E 161 St,Bronx
8057.02,Grand Concourse & E 164 St,Bronx
8092.06,Grand Concourse & E 166 St,Bronx
8126.07,Grand Concourse & E 167 St,Bronx
8194.06,Grand Concourse & E 171 St,Bronx
8303.06,Grand Concourse & E 175 St,Bronx
8340.01,Grand Concourse & E 176 St,Bronx
8456.05,Grand Concourse & E 181 St,Bronx
8531.05,Grand Concourse & E 184 St,Bronx
8601.04,Grand Concourse & E 192 St,Bronx
8635.08,Grand Concourse & E 196 St,Bronx
8667.01,Grand Concourse & E 197 St,Bronx
8703.05,Grand Concourse & E 199 St,Bronx
8734.04,Grand Concourse & E 203 St,Bronx
8766.03,Grand Concourse & E 205 St,Bronx
8795.03,Grand Concourse & E Mosholu Pkwy S,Bronx
8265.09,Grand Concourse & E Mount Eden Ave,Bronx
5382.06,Grand St & Elizabeth St,LES
5500.02,Grand St & Greene St,WestVillage
5267.08,Grand St & Havemeyer St,Brooklyn
5335.07,Grand St & Samuel Dickstein Plaza,LES
5636.11,Great Jones St,EastVillage
5860.02,Green St & McGuinness Blvd,Brooklyn
5106.04,Greene Ave & Grandview Ave,Queens
4784.02,Greene Ave & Myrtle Ave,Brooklyn
4519.02,Greene Ave & Nostrand Ave,Brooklyn
4510.04,Greene Ave & Throop Ave,Brooklyn
5602.06,Greene St & Prince St,WestVillage
6134.03,Greenpoint Ave & 47 St,Queens
5785.05,Greenpoint Ave & Manhattan Ave,Brooklyn
5851.01,Greenpoint Ave & Monitor St,Brooklyn
5752.09,Greenpoint Ave & West St,Brooklyn
6072.06,Greenwich Ave & 8 Ave,WestVillage
5914.08,Greenwich Ave & Charles St,WestVillage
5470.10,Greenwich St & Hubert St,Tribeca
5922.04,Greenwich St & Perry St,WestVillage
5073.07,Greenwich St & Rector St,Fidi
5730.08,Greenwich St & W Houston St,WestVillage
3353.04,Greenwood Ave & E 4 St,Brooklyn
4526.01,Grove St & Broadway,Brooklyn
5168.04,Grove St & Fresh Pond Rd,Queens
4366.01,Halsey St & Broadway,Brooklyn
4474.01,Halsey St & Evergreen Ave,Brooklyn
4334.02,Halsey St & Ralph Ave,Brooklyn
4319.07,Halsey St & Tompkins Ave,Brooklyn
7959.18,Hamilton Pl & W 140 St,Harlem
4255.05,Hancock St & Bedford Ave,Brooklyn
4342.04,Hancock St & Malcolm X Blvd,Brooklyn
4383.06,Hancock St & Stuyvesant Ave,Brooklyn
4735.16,Hancock St & Wyckoff Ave,Queens
4395.07,Hanson Pl & Ashland Pl,Brooklyn
8085.13,Harlem River Dr & W 155 St,Inwood
5002.09,Harman St & Seneca Ave,Queens
5090.06,Harrison Pl & Porter Ave,Brooklyn
5400.05,Harrison St & Hudson St,Tribeca
4971.01,Hart St & Wyckoff Ave,Brooklyn
7032.06,Hazen St & 20 Ave,Queens
4531.05,Henry St & Atlantic Ave,Brooklyn
3972.08,Henry St & Bay St,Brooklyn
4380.08,Henry St & Degraw St,Brooklyn
5294.04,Henry St & Grand St,LES
4861.05,Henry St & Middagh St,Brooklyn
4645.04,Henry St & Remsen St,Brooklyn
4086.06,Henry St & W 9 St,Brooklyn
4129.10,Herkimer St & Eastern Pkwy,Brooklyn
4172.04,Herkimer St & New York Ave,Brooklyn
8095.06,Hoe Ave & Jennings St,Bronx
8020.01,Home St & Westchester Ave,Bronx
5187.03,Hope St & Union Ave,Brooklyn
5422.04,Howard St & Lafayette St,LES
4330.09,Hoyt St & Warren St,Brooklyn
6611.07,Hudson Blvd W & W 36 St,HellsKitchen
5470.13,Hudson St & N Moore St,Tribeca
5359.10,Hudson St & Reade St,Tribeca
6115.06,Hudson St & W 13 St,WestVillage
8369.08,Hughes Ave & Oak Tree Pl,Bronx
4956.02,Humboldt St & Varet St,Brooklyn
7820.05,Hunts Point Ave & Bryant Ave,Bronx
5869.04,Huron St & Franklin St,Brooklyn
7514.06,Icahn Stadium Plaza,Queens
5826.02,India St & Manhattan Ave,Brooklyn
5794.05,India St Pier,Brooklyn
8044.09,Intervale Ave & Kelly St,Bronx
7948.10,Intervale Ave & Westchester Ave,Bronx
8233.01,Inwood Ave & W 170 St,Bronx
4898.02,Irving Ave & DeKalb Ave,Brooklyn
4695.04,Irving Ave & Halsey St,Brooklyn
4856.05,Irving Ave & Harman St,Brooklyn
5051.02,Irving Ave & Jefferson St,Brooklyn
4775.01,Irving Ave & Palmetto St,Brooklyn
8835.05,Irwin Ave & W 232 St,Bronx
8665.09,Isham St & Broadway,Inwood
6323.11,Ithaca St & Baxter Ave,Queens
6203.02,Jackson Ave & 46 Rd,Queens
6170.09,Jackson Ave & 49 Ave,Queens
6877.05,Jackson Mill Rd & 24 Ave,Queens
6701.05,Jackson Mill Rd & 93 St,Queens
5332.10,Jackson St & Leonard St,Brooklyn
4710.06,Jay St & Tech Pl,Brooklyn
4895.09,Jay St & York St,Brooklyn
4517.03,Jefferson Ave & Evergreen Ave,Brooklyn
4375.02,Jefferson Ave & Patchen Ave,Brooklyn
5082.08,Jefferson St & Cypress Ave,Brooklyn
8061.01,Jerome Ave & Anderson Ave,Bronx
8734.02,Jerome Ave & Bedford Park Blvd E,Bronx
8096.02,Jerome Ave & E 164 St,Bronx
8478.11,Jerome Ave & E 181 St,Bronx
8720.02,Jerome Ave & E 198 St,Bronx
8795.01,Jerome Ave & E Mosholu Pkwy S,Bronx
8081.01,Jerome Ave & Ogden Ave,Bronx
8362.09,Jerome Ave & W 177 St,Bronx
8550.01,Jerome Ave & W 184 St,Bronx
8619.02,Jerome Ave & W 193 St,Bronx
8653.09,Jerome Ave & W 195 St,Bronx
8586.09,Jerome Ave & W Fordham Rd,Bronx
4668.08,Johnson St & Gold St,Brooklyn
6207.06,Judge St & Britton Ave,Queens
4455.11,Kane St & Clinton St,Brooklyn
3019.03,Keegan Rd & 2 Ave,Brooklyn
5453.06,Kenmare St & Elizabeth St,LES
5021.05,Kent Ave & Division Ave,Brooklyn
5388.01,Kent Ave & Grand St,Brooklyn
5489.03,Kent Ave & N 7 St,Brooklyn
5785.10,Kent St & McGuinness Blvd,Brooklyn
5687.11,King St & Varick St,WestVillage
8772.06,Kingsbridge Terrace & W 230 St,Bronx
5613.04,Kingsland Ave & Nassau Ave,Brooklyn
3831.03,Kingston Ave & Carroll St,Brooklyn
3648.08,Kingston Ave & E New York Ave,Brooklyn
4205.06,Kingston Ave & Herkimer St,Brooklyn
3759.07,Kingston Ave & Montgomery St,Brooklyn
4016.03,Kingston Ave & Park Pl,Brooklyn
4979.07,Knickerbocker Ave & George St,Brooklyn
4623.02,Knickerbocker Ave & Halsey St,Brooklyn
4663.02,Knickerbocker Ave & Hancock St,Brooklyn
4582.08,Knickerbocker Ave & Moffat St,Brooklyn
5018.06,Knickerbocker Ave & Thames St,Brooklyn
4519.04,Kosciuszko St & Nostrand Ave,Brooklyn
4553.04,Kosciuszko St & Tompkins Ave,Brooklyn
5721.14,LaGuardia Pl & W 3 St,WestVillage
4528.03,Lafayette Ave & Franklin Ave,Brooklyn
4470.09,Lafayette Ave & Ft Greene Pl,Brooklyn
7883.06,Lafayette Ave & Hunts Point Ave,Bronx
4494.04,Lafayette Ave & St James Pl,Brooklyn
4576.11,Lafayette Ave & Stuyvesant Ave,Brooklyn
5788.13,Lafayette St & E 8 St,EastVillage
5422.09,Lafayette St & Grand St,LES
5561.06,Lafayette St & Jersey St,LES
5539.06,Laight St & Hudson St,Tribeca
4596.09,Lawrence St & Willoughby St,Brooklyn
5053.01,Lee Ave & Taylor St,Brooklyn
3719.02,Lefferts Ave & Albany Ave,Brooklyn
3710.07,Lefferts Ave & Schenectady Ave,Brooklyn
4222.02,Lefferts Pl & Franklin Ave,Brooklyn
7602.05,Lenox Ave & W 111 St,Harlem
7627.10,Lenox Ave & W 115 St,Harlem
7655.22,Lenox Ave & W 117 St,Harlem
7720.03,Lenox Ave & W 126 St,Harlem
7753.13,Lenox Ave & W 130 St,Harlem
7790.04,Lenox Ave & W 133 St,Harlem
7872.03,Lenox Ave & W 140 St,Harlem
7910.01,Lenox Ave & W 144 St,Harlem
7910.10,Lenox Ave & W 146 St,Harlem
3495.08,Lenox Rd & E 43 St,Brooklyn
5036.06,Leonard St & Boerum St,Brooklyn
5359.11,Leonard St & Church St,Tribeca
5148.03,Leonard St & Maujer St,Brooklyn
5550.09,Leonard St & Nassau Ave,Brooklyn
4237.01,Lewis Ave & Decatur St,Brooklyn
4196.01,Lewis Ave & Fulton St,Brooklyn
4543.07,Lewis Ave & Greene Ave,Brooklyn
4617.01,Lewis Ave & Kosciuszko St,Brooklyn
4425.02,Lewis Ave & Madison St,Brooklyn
4452.03,Lexington Ave & Classon Ave,Brooklyn
7567.06,Lexington Ave & E 111 St,Harlem
7652.04,Lexington Ave & E 120 St,Harlem
7662.13,Lexington Ave & E 127 St,Harlem
7716.19,Lexington Ave & E 128 St,Harlem
6089.07,Lexington Ave & E 24 St,Flatiron
6089.08,Lexington Ave & E 26 St,Flatiron
6164.09,Lexington Ave & E 29 St,Flatiron
6313.10,Lexington Ave & E 36 St,MidtownE
4534.06,Lexington Ave & Patchen Ave,Brooklyn
4500.07,Lexington Ave & Stuyvesant Ave,Brooklyn
5105.01,Liberty St & Broadway,Fidi
5105.09,Liberty St & Nassau St,Fidi
7712.06,Lincoln Ave & E 134 St,Bronx
7744.06,Lincoln Ave & E 138 St,Bronx
3960.01,Lincoln Pl & Classon Ave,Brooklyn
3952.07,Lincoln Pl & Nostrand Ave,Brooklyn
3633.08,Lincoln Rd & Ocean Ave,Brooklyn
3359.03,Linden Blvd & Nostrand Ave,Brooklyn
4743.04,Linden St & Knickerbocker Ave,Brooklyn
5391.06,Lispenard St & Broadway,Tribeca
5001.08,Little West St & 1 Pl,Fidi
7983.02,Longfellow Ave & Aldus St,Bronx
7983.04,Longfellow Ave & E 165 St,Bronx
7849.10,Longwood Ave & Southern Blvd,Bronx
4965.01,Lorimer St & Broadway,Brooklyn
5709.04,Lorimer St & Calyer St,Brooklyn
4892.02,Lorimer St & Harrison Ave,Brooklyn
8555.05,Loring Pl North & W 183 St,Bronx
3327.01,Lott St & Erasmus St,Brooklyn
8114.02,Louis Nine Blvd & Intervale Ave,Bronx
4301.07,MacDonough St & Malcolm X Blvd,Brooklyn
4246.02,MacDonough St & Marcy Ave,Brooklyn
5687.04,MacDougal St & Prince St,WestVillage
4212.01,MacDougal St & Rockaway Ave,Brooklyn
5797.01,MacDougal St & Washington Sq,WestVillage
8029.28,Macombs Pl & W 152 St,Harlem
8307.05,Macombs Rd & Featherbed Ln,Bronx
8344.04,Macombs Rd & W 175 St,Bronx
4408.07,Macon St & Howard Ave,Brooklyn
4310.06,Macon St & Lewis Ave,Brooklyn
4214.03,Macon St & Nostrand Ave,Brooklyn
4301.04,Macon St & Patchen Ave,Brooklyn
7667.04,Madison Ave & E 120 St,Harlem
6131.12,Madison Ave & E 26 St,Flatiron
6659.09,Madison Ave & E 51 St,MidtownE
7188.13,Madison Ave & E 82 St,UES
7443.01,Madison Ave & E 99 St,UES
5190.07,Madison St & Clinton St,LES
4807.02,Madison St & Cypress Ave,Queens
4560.01,Madison St & Evergreen Ave,Brooklyn
5025.02,Madison St & Forest Ave,Queens
4416.10,Madison St & Malcolm X Blvd,Brooklyn
5262.09,Madison St & Montgomery St,LES
4880.11,Madison St & Seneca Ave,Queens
4954.07,Madison St & Woodward Ave,Queens
5065.10,Maiden Ln & Pearl St,Fidi
4936.21,Main St & Plymouth St,Brooklyn
4648.03,Malcolm X Blvd & DeKalb Ave,Brooklyn
5219.05,Manhattan Ave & Devoe St,Brooklyn
5442.09,Manhattan Ave & Leonard St,Brooklyn
3608.06,Maple St & Albany Ave,Brooklyn
3593.01,Maple St & Flatbush Ave,Brooklyn
3617.02,Maple St & New York Ave,Brooklyn
8745.01,Marble Hill Ave & W 225 St,Bronx
8776.02,Marble Hill Ave & W 227 St,Bronx
4278.03,Marcus Garvey Blvd & Macon St,Brooklyn
4401.04,Marcy Ave & Gates Ave,Brooklyn
4593.05,Marcy Ave & Hart St,Brooklyn
4476.03,Marcy Ave & Lafayette Ave,Brooklyn
4933.03,Marcy Ave & Lynch St,Brooklyn
4933.04,Marcy Ave & Rutledge St,Brooklyn
8532.03,Margaret Corbin Plz & Ft Washington Ave,Inwood
8699.01,Marion Ave & Mosholu Pkwy,Bronx
5198.04,Market St & Cherry St,Tribeca
5270.09,Market St & Henry St,Tribeca
6138.02,Martense Ave & 108 St,Queens
3034.02,Matthews Ct & Coney Island Ave,Brooklyn
5731.03,Maurice Ave & 53 Dr,Queens
3394.03,McDonald Ave & Vanderbilt St,Brooklyn
5977.01,McGuinness Blvd & Eagle St,Brooklyn
3776.10,McKeever Pl & Sullivan Pl,Brooklyn
5059.02,McKibbin St & Bogart St,Brooklyn
4996.08,McKibbin St & Manhattan Ave,Brooklyn
7879.01,Melrose Ave & E 150 St,Bronx
7918.12,Melrose Ave & E 154 St,Bronx
4801.04,Melrose St & Broadway,Brooklyn
4672.01,Menahan St & Central Ave,Brooklyn
5034.03,Menahan St & Onderdonk Ave,Queens
4963.13,Menahan St & Seneca Ave,Queens
4890.11,Menahan St & Wyckoff Ave,Brooklyn
5679.05,Mercer St & Bleecker St,WestVillage
5532.01,Mercer St & Spring St,WestVillage
5666.04,Meserole Ave & Manhattan Ave,Brooklyn
5160.01,Metropolitan Ave & 65 Ln,Queens
5308.04,Metropolitan Ave & Bedford Ave,Brooklyn
5225.04,Metropolitan Ave & Flushing Ave,Queens
5300.05,Metropolitan Ave & Meeker Ave,Brooklyn
5273.01,Metropolitan Ave & Stewart Ave,Brooklyn
5241.02,Metropolitan Ave & Vandervoort Ave,Brooklyn
6515.01,Mets Plaza at Citi Field,Queens
5752.07,Milton St & Franklin St,Brooklyn
4357.01,Moffat St & Bushwick,Brooklyn
5473.06,Monitor St & Meeker Ave,Brooklyn
4368.05,Monroe St & Bedford Ave,Brooklyn
4336.01,Monroe St & Classon Ave,Brooklyn
4467.03,Monroe St & Marcus Garvey Blvd,Brooklyn
4491.09,Monroe St & Patchen Ave,Brooklyn
4434.06,Monroe St & Tompkins Ave,Brooklyn
4677.06,Montague St & Clinton St,Brooklyn
4718.11,Montague St & Hicks St,Brooklyn
3776.05,Montgomery St & Franklin Ave,Brooklyn
5068.02,Montrose Ave & Bushwick Ave,Brooklyn
5503.01,Morgan Ave & Lombardy St,Brooklyn
5354.01,Morgan Ave & Maspeth Ave,Brooklyn
SYS016,Morgan Bike Mechanics,Brooklyn
SYS038,Morgan Loading Docks,Brooklyn
7741.01,Morningside Ave & W 123 St,Harlem
7741.04,Morningside Dr & Amsterdam Ave,Harlem
7821.01,Morris Ave & E 142 St,Bronx
7901.04,Morris Ave & E 153 St,Bronx
8036.05,Morris Ave & E 163 St,Bronx
8209.01,Morris Ave & E 171 St,Bronx
8441.01,Morris Ave & E Burnside Ave,Bronx
8107.10,Morris Ave & McClellan St,Bronx
5772.05,Morton St & Greenwich St,WestVillage
6814.01,Motorgate,Queens
5561.04,Mott St & Prince St,LES
8245.03,Mount Eden Pkwy & Eastburn Ave,Bronx
7685.14,Mt Morris Park W & W 120 St,Harlem
5288.12,Murray St & Greenwich St,Tribeca
5329.08,Murray St & West St,Tribeca
4862.04,Myrtle Ave & 65 St,Queens
4628.07,Myrtle Ave & Fleet Pl,Brooklyn
4816.05,Myrtle Ave & Grove St,Brooklyn
4729.01,Myrtle Ave & Lewis Ave,Brooklyn
4816.02,Myrtle Ave & Linden St,Brooklyn
4707.03,Myrtle Ave & Marcy Ave,Brooklyn
4659.02,Myrtle Ave & St Edwards St,Brooklyn
5450.01,N 10 St & Berry St,Brooklyn
5489.04,N 11 St & Kent Ave,Brooklyn
5450.04,N 12 St & Bedford Ave,Brooklyn
5520.09,N 15 St & Wythe Ave,Brooklyn
5458.02,N 5 St & Northside Piers,Brooklyn
5419.04,N 5 St & Wythe Ave,Brooklyn
5379.10,N 6 St & Bedford Ave,Brooklyn
5340.01,N 7 St & Driggs Ave,Brooklyn
5489.06,N 9 St & Wythe Ave,Brooklyn
5656.03,N Henry St & Norman Ave,Brooklyn
4771.07,N Portland Ave & Flushing Ave,Brooklyn
8528.05,Nagle Ave & Ellwood St,Inwood
8563.06,Nagle Ave & Thayer St,Inwood
8819.05,Naples Terrace & Godwin Terrace,Bronx
5623.03,Nassau Ave & Newell St,Brooklyn
5581.01,Nassau Ave & Russell St,Brooklyn
4781.05,Nassau St & Duffield St,Brooklyn
4812.02,Nassau St & Navy St,Brooklyn
6264.06,National St & 45 Ave,Queens
8183.08,Nelson Ave & 167 St,Bronx
8290.01,Nelson Ave & W 172 St,Bronx
4437.09,Nevins St & Schermerhorn St,Brooklyn
3504.02,New York Ave & Hawthorne St,Brooklyn
3431.02,New York Ave & Lenox Rd,Brooklyn
3728.05,New York Ave & Montgomery St,Brooklyn
3246.06,New York Ave & Snyder Ave,Brooklyn
4098.06,New York Ave & St Marks Ave,Brooklyn
6743.06,Newton Rd & 44 St,Queens
7026.08,Newtown Ave & 23 St,Queens
5374.01,Norfolk St & Broome St,LES
5666.11,Norman Ave & Leonard St,Brooklyn
4654.01,Norman St & Wyckoff Ave,Queens
5470.12,North Moore St & Greenwich St,Tribeca
4818.02,Nostrand Ave & Flushing Ave,Brooklyn
4707.04,Nostrand Ave & Myrtle Ave,Brooklyn
3585.06,Nostrand Ave & Rutland Rd,Brooklyn
3408.05,Ocean Ave & Crooke Ave,Brooklyn
3223.07,Ocean Ave & Tennis Ct,Brooklyn
3125.09,Ocean Pkwy & Church Ave,Brooklyn
8218.04,Ogden Ave & Merriam Ave,Bronx
8115.01,Ogden Ave & W 164 St,Bronx
8149.09,Ogden Ave & W 165 St,Bronx
7881.09,Old Broadway & W 133 St,Harlem
4903.08,Old Fulton St,Brooklyn
4993.13,Old Slip & South St,Fidi
5115.01,Onderdonk Ave & Dekalb Ave,Queens
4994.10,Onderdonk Ave & Gates Ave,Queens
5343.11,Orchard St & Grand St,LES
4148.07,Pacific St & Classon Ave,Brooklyn
4362.04,Pacific St & Nevins St,Brooklyn
4140.03,Pacific St & Nostrand Ave,Brooklyn
4105.01,Pacific St & Ralph Ave,Brooklyn
4113.01,Pacific St & Rochester Ave,Brooklyn
4014.01,Pacific St & Sackman St,Brooklyn
4446.03,Pacific St & Smith St,Brooklyn
4023.05,Pacific St & Thomas S. Boyland St,Brooklyn
4122.03,Pacific St & Troy Ave,Brooklyn
4154.02,Pacific St & Utica Ave,Brooklyn
5409.02,Page Pl & Grand Ave,Queens
5129.01,Palmetto St & Traffic Ave,Queens
3376.02,Parade Pl & Crooke Ave,Brooklyn
7682.01,Park Ave & E 124 St,Harlem
8016.07,Park Ave & E 162 St,Bronx
8374.02,Park Ave & E 179 St,Bronx
6432.08,Park Ave & E 41 St,MidtownE
6432.09,Park Ave & E 42 St,MidtownE
8335.02,Park Ave & E Tremont Ave,Bronx
4768.02,Park Ave & Marcus Garvey Blvd,Brooklyn
4778.03,Park Ave & Marcy Ave,Brooklyn
4700.06,Park Ave & St Edwards St,Brooklyn
3344.02,Park Circle & East Dr,Brooklyn
3999.06,Park Pl & Buffalo Ave,Brooklyn
5288.08,Park Pl & Church St,Tribeca
3950.03,Park Pl & Thomas S. Boyland St,Brooklyn
3966.03,Park Pl & Utica Ave,Brooklyn
3480.04,Parkside Ave & Flatbush Ave,Brooklyn
3448.02,Parkside Ave & Ocean Ave,Brooklyn
3376.04,Parkside Ave & Parade Pl,Brooklyn
4261.03,Patchen Ave & Bainbridge St,Brooklyn
8811.01,Paul Ave & Mosholu Pkwy,Bronx
8782.01,Paul Ave & W 205 St,Bronx
4993.02,Pearl St & Hanover Square,Fidi
4962.09,Pearl St & Whitehall St,Fidi
4895.15,Pearl St & York St,Brooklyn
5096.12,Peck Slip & South St,Fidi
5922.07,Perry St & Bleecker St,WestVillage
5955.12,Perry St & Greenwich Ave,WestVillage
4374.01,Picnic Point,0
5696.03,Pier 40 - Hudson River Park,WestVillage
SYS033,Pier 40 X2,WestVillage
6233.04,Pier 61 at Chelsea Piers,Chelsea
4718.08,Pierrepont St & Monroe Pl,Brooklyn
5270.05,Pike St & E Broadway,LES
5159.04,Pike St & Monroe St,LES
8458.03,Pinehurst Ave & W 187 St,Inwood
4128.08,Pioneer St & Richards St,Brooklyn
4169.04,Pioneer St & Van Brunt St,Brooklyn
3877.04,Pitkin Ave & Grafton St,Brooklyn
5406.04,Pitt St & Stanton St,LES
8213.01,Plaza Dr & W 170 St,Bronx
4010.01,Plaza St East & Flatbush Ave,Brooklyn
4010.13,Plaza St West & Flatbush Ave,Brooklyn
7540.05,Pleasant Ave & E 116 St,Harlem
7579.01,Pleasant Ave & E 120 St,Harlem
8348.02,Popham Ave & W 174 St,Bronx
5210.01,Powers St & Olive St,Brooklyn
4101.17,President St & 4 Ave,Brooklyn
4307.13,President St & Henry St,Brooklyn
4184.08,President St & Hoyt St,Brooklyn
3839.02,President St & Nostrand Ave,Brooklyn
7830.03,Prospect Ave & E 151 St,Bronx
8008.03,Prospect Ave & E 167 St,Bronx
3312.07,Prospect Ave & Greenwood Ave,Brooklyn
8099.04,Prospect Ave & Jennings St,Bronx
7870.02,Prospect Ave & Longwood Ave,Bronx
3426.02,Prospect Ave & Vanderbilt St,Brooklyn
3611.02,Prospect Park SW & 10 Ave,Brooklyn
3498.09,Prospect Park SW & 16 St,Brooklyn
3385.06,Prospect Park SW & Greenwood Ave,Brooklyn
3457.03,Prospect Park SW & Vanderbilt St,Brooklyn
3507.04,Prospect Park W & 20 St,Brooklyn
3722.04,Prospect Park West & 8 St,Brooklyn
4166.08,Prospect Pl & 6 Ave,Brooklyn
3991.04,Prospect Pl & Howard Ave,Brooklyn
4025.02,Prospect Pl & Nostrand Ave,Brooklyn
4116.08,Prospect Pl & Underhill Ave,Brooklyn
4157.15,Prospect Pl & Vanderbilt Ave,Brooklyn
4656.03,Pulaski St & Marcus Garvey Blvd,Brooklyn
4625.01,Pulaski St & Throop Ave,Brooklyn
4663.06,Putnam Ave & Knickerbocker Ave,Brooklyn
4327.09,Putnam Ave & Nostrand Ave,Brooklyn
4450.06,Putnam Ave & Ralph Ave,Brooklyn
4392.04,Putnam Ave & Throop Ave,Brooklyn
4735.03,Putnam Ave & Wyckoff Ave,Brooklyn
5887.03,Queens Blvd & 56 Ave,Queens
6158.02,Queens Blvd & 56 St,Queens
6056.02,Queens Blvd & Albion Ave,Queens
5930.02,Queens Blvd & Broadway,Queens
6429.01,Queens Plaza North & Crescent St,Queens
4990.02,Railroad Ave & Kay Ave,Brooklyn
4220.02,Ralph Ave & Fulton St,Brooklyn
5247.10,Reade St & Broadway,Tribeca
4202.04,Richards St & Delavan St,Brooklyn
5433.03,Richardson St & N Henry St,Brooklyn
7967.04,River Ave & E 151 St,Bronx
8005.08,River Ave & E 153 St,Bronx
8111.07,River Ave & McClellan St,Bronx
5368.03,River Ter & Warren St,Tribeca
7183.03,Riverside Blvd & W 67 St,UWS
8616.06,Riverside Dr & Broadway,Inwood
7623.13,Riverside Dr & W 104 St,UWS
7942.21,Riverside Dr & W 138 St,Harlem
8018.04,Riverside Dr & W 145 St,Harlem
8054.04,Riverside Dr & W 148 St,Harlem
8108.02,Riverside Dr & W 153 St,Harlem
7288.04,Riverside Dr & W 72 St,UWS
7340.06,Riverside Dr & W 78 St,UWS
7388.10,Riverside Dr & W 82 St,UWS
7524.16,Riverside Dr & W 91 St,UWS
8142.03,Riverside Dr E & W 155 St,Inwood
5453.01,Rivington St & Chrystie St,LES
5406.02,Rivington St & Ridge St,LES
4285.09,Rockaway Ave & Bainbridge St,Brooklyn
5267.09,Roebling St & N 4 St,Brooklyn
3400.04,Rogers Ave & Lenox Rd,Brooklyn
3625.07,Rogers Ave & Lincoln Rd,Brooklyn
3286.07,Rogers Ave & Snyder Ave,Brooklyn
3696.05,Rogers Ave & Sterling St,Brooklyn
7987.14,Rogers Pl & E 165 St,Bronx
6414.07,Roosevelt Ave & 104 St,Queens
6599.01,Roosevelt Island Tramway,Queens
3188.04,Rugby Rd & Albemarle Rd,Brooklyn
3113.06,Rugby Rd & Beverley Rd,Brooklyn
5230.02,Rutgers St & Henry St,LES
3576.1,Rutland Rd & Brooklyn Ave,Brooklyn
3567.05,Rutland Rd & E 45 St,Brooklyn
5276.04,S 2 St & Kent Ave,Brooklyn
5235.05,S 3 St & Bedford Ave,Brooklyn
5156.05,S 4 St & Rodney St,Brooklyn
5195.06,S 4 St & Roebling St,Brooklyn
5204.05,S 4 St & Wythe Ave,Brooklyn
5125.03,S 5 Pl & S 5 St,Brooklyn
4354.05,S Portland Ave & Hanson Pl,Brooklyn
4821.03,Sands St & Jay St,Brooklyn
4812.04,Sands St Gate,Brooklyn
3155.01,Schenectady Ave & Cortelyou Rd,Brooklyn
3639.04,Schenectady Ave & Maple St,Brooklyn
4080.01,Schenectady Ave & Pacific St,Brooklyn
3822.08,Schenectady Ave & President St,Brooklyn
4007.01,Schenectady Ave & Prospect Pl,Brooklyn
4565.07,Schermerhorn St & Court St,Brooklyn
4479.10,Schermerhorn St & Hoyt St,Brooklyn
5076.04,Scholes St & Lorimer St,Brooklyn
5108.01,Scholes St & Manhattan Ave,Brooklyn
8650.11,Seaman Ave & Beak St,Inwood
8665.02,Seaman Ave & Isham St,Inwood
8815.01,Sedgwick Ave & Giles Pl,Bronx
8539.02,Sedgwick Ave & Hall of Fame Terrace,Bronx
8828.02,Sedgwick Ave & Hillman Ave,Bronx
8692.04,Sedgwick Ave & W 195 St,Bronx
8756.07,Sedgwick Ave & W 231 St,Bronx
8465.01,Sedgwick Ave & W Burnside Ave,Bronx
8428.05,Sedgwick Ave & W Tremont Ave,Bronx
4757.06,Seneca Ave & Decatur St,Queens
7883.10,Seneca Ave & Irvine St,Bronx
8198.05,Shakespeare Ave & W 169 St,Bronx
5323.06,Sharon St & Olive St,Brooklyn
6633.01,Shea Rd & Boat Basin Pl,Queens
8160.03,Sheridan Ave & E 168 St,Bronx
8229.04,Sheridan Ave & E 172 St,Bronx
8072.06,Sherman Ave & E 166 St,Bronx
8583.02,Sherman Ave & Thayer St,Inwood
Shop Morgan ,Shop Morgan,Brooklyn
7271.01,Shore Blvd & Astoria Park,Queens
3940.04,Sigourney St & Columbia St,Brooklyn
6300.04,Skillman Ave & 43 Ave,Queens
6276.05,Skillman Ave & 54 St,Queens
6334.03,Skillman Ave & Honeywell St,Queens
4151.01,Smith St & 3 St,Brooklyn
4077.04,Smith St & 9 St,Brooklyn
3300.06,Snyder Ave & Schenectady Ave,Brooklyn
4590.01,Soissons Landing,0
4203.04,Somers St & Broadway,Brooklyn
4170.08,Somers St & Rockaway Ave,Brooklyn
5114.08,South End Ave & Albany St,Fidi
6090.03,South Railroad Ave & Broadway,Queens
4920.13,South St & Broad St,Fidi
4953.04,South St & Gouverneur Ln,Fidi
5159.07,South St & Pike St,LES
4846.01,South St & Whitehall St,Fidi
7767.06,Southern Blvd & Ave St John,Bronx
7719.13,Southern Blvd & E 142 St,Bronx
7788.13,Southern Blvd & E 149 St,Bronx
8129.02,Southern Blvd & E 172 St,Bronx
8163.05,Southern Blvd & E 174 St,Bronx
8196.02,Southern Blvd & E 175 St,Bronx
8325.08,Southern Blvd & E 180 St,Bronx
8427.05,Southern Blvd & E 187 St,Bronx
7867.04,Southern Blvd & Tiffany St,Bronx
8558.01,Southern Blvd & Xavier Way,Bronx
6566.01,Southpoint Park,Queens
5653.12,Spring St & Hudson St,WestVillage
5137.10,Spruce St & Nassau St,Fidi
7657.03,St Ann's Ave & Bruckner Blvd,Bronx
7755.03,St Ann's Ave & E 144 St,Bronx
7835.10,St Ann's Ave & Westchester Ave,Bronx
4719.04,St Felix Ave & 61 St,Queens
6014.01,St James Ave & 51 Ave,Queens
5238.05,St James Pl & Oliver St,Tribeca
5167.06,St James Pl & Pearl St,Tribeca
3917.03,St Johns Pl & Howard Ave,Brooklyn
3943.03,St Johns Pl & Kingston Ave,Brooklyn
3966.01,St Johns Pl & Utica Ave,Brooklyn
4001.09,St Johns Pl & Washington Ave,Brooklyn
4031.05,St Marks Ave & Ralph Ave,Brooklyn
4039.04,St Marks Ave & Rochester Ave,Brooklyn
4023.01,St Marks Ave & Thomas S. Boyland St,Brooklyn
5626.13,St Marks Pl & 1 Ave,EastVillage
5669.10,St Marks Pl & 2 Ave,EastVillage
4249.01,St Marks Pl & 4 Ave,Brooklyn
7737.06,St Mary's St & Jackson Ave,Bronx
7723.01,St Nicholas Ave & Manhattan Ave,Harlem
7756.10,St Nicholas Ave & W 126 St,Harlem
7837.30,St Nicholas Ave & W 134 St,Harlem
7898.03,St Nicholas Ave & W 137 St,Harlem
8013.07,St Nicholas Ave & W 150 St,Harlem
8085.05,St Nicholas Ave & W 155 St,Harlem
8085.09,St Nicholas Ave & W 157 St,Inwood
7937.15,St Nicholas Terrace & Convent Ave,Harlem
5170.01,Stagg St & Morgan Ave,Brooklyn
5117.05,Stagg St & Union Ave,Brooklyn
5146.03,Stanhope St & Fairview Ave,Queens
5523.02,Stanton St & Chrystie St,LES
5326.06,Stanton St & Mangin St,LES
5445.07,Stanton St & Norfolk St,LES
4522.07,State St & Smith St,Brooklyn
7220.01,Steinway St & 19 Ave,Queens
7137.04,Steinway St & 21 Ave,Queens
7009.02,Steinway St & 23 Ave,Queens
6915.02,Steinway St & 28 Ave,Queens
6711.13,Steinway St & Broadway,Queens
7074.01,Steinway St & Ditmars Blvd,Queens
4798.10,Stephen St & Seneca Ave,Queens
4208.01,Sterling Pl & 5 Ave,Brooklyn
3993.03,Sterling Pl & Bedford Ave,Brooklyn
4033.18,Sterling Pl & Classon Ave,Brooklyn
4033.16,Sterling Pl & Franklin Ave,Brooklyn
3984.02,Sterling Pl & New York Ave,Brooklyn
3958.02,Sterling Pl & Ralph Ave,Brooklyn
3925.03,Sterling Pl & Rochester Ave,Brooklyn
3934.06,Sterling Pl & Schenectady Ave,Brooklyn
3665.06,Sterling St & Bedford Ave,Brooklyn
3657.06,Sterling St & Nostrand Ave,Brooklyn
5123.07,Stewart Ave & Johnson Ave,Brooklyn
4824.03,Stockholm St & Wilson Ave,Brooklyn
3113.10,Stratford Rd & Beverley Rd,Brooklyn
8707.04,Strong St & University Ave,Bronx
4458.06,Stuyvesant Ave & Gates Ave,Brooklyn
4689.08,Stuyvesant Ave & Hart St,Brooklyn
5854.10,Stuyvesant Walk & 1 Ave Loop,Flatiron
5445.02,Suffolk St & Stanton St,LES
5721.01,Sullivan St & Washington Sq,WestVillage
4727.06,Summerfield St & Cypress Ave,Queens
4187.04,Sumpter St & Fulton St,Brooklyn
7571.01,Sunken Meadow Comfort Station,Queens
4689.03,Suydam St & Broadway,Brooklyn
4939.07,Suydam St & Knickerbocker Ave,Brooklyn
5043.06,Suydam St & St Nicholas Ave,Brooklyn
4982.02,Taylor St & Bedford Ave,Brooklyn
4138.04,Thomas S. Boyland St & Fulton St,Brooklyn
4325.03,Thomas S. Boyland St & Macon St,Brooklyn
4253.02,Thomas S. Boyland St & Marion St,Brooklyn
5721.07,Thompson St & Bleecker St,WestVillage
4697.01,Throop Ave & Myrtle Ave,Brooklyn
8866.01,Tibbett Ave & W 234 St,Bronx
8510.02,Tiebout Ave & E 184 St,Bronx
8546.06,Tiebout Ave & E Fordham Rd,Bronx
3214.04,Tilden Ave & Lott St,Brooklyn
3172.01,Tilden Ave & Nostrand Ave,Brooklyn
7991.01,Tinton Ave & E 165 St,Bronx
4850.04,Tompkins Ave & Hopkins St,Brooklyn
8323.05,Townsend Ave & E 175 St,Bronx
3382.04,Troy Ave & Linden Blvd,Brooklyn
3934.07,Troy Ave & Park Pl,Brooklyn
3157.08,Turner Pl & Coney Island Ave,Brooklyn
5881.01,Tyler Ave & Maurice Ave,Queens
4042.08,Underhill Ave & Lincoln Pl,Brooklyn
4231.04,Underhill Ave & Pacific St,Brooklyn
8064.03,Union Ave & E 169 St,Bronx
5300.06,Union Ave & Jackson St,Brooklyn
5411.07,Union Ave & N 12 St,Brooklyn
4818.03,Union Ave & Wallabout St,Brooklyn
4175.15,Union St & 4 Ave,Brooklyn
3879.04,Union St & Bedford Ave,Brooklyn
8366.07,University Ave & Brandt Pl,Bronx
8344.09,University Ave & Macombs Rd,Bronx
8384.04,University Ave & Morton Pl,Bronx
8183.02,University Ave & W 168 St,Bronx
8462.09,University Ave & W Burnside Ave,Bronx
5905.14,University Pl & E 14 St,WestVillage
5755.14,University Pl & E 8 St,WestVillage
8435.04,Valentine Ave & E 181 St,Bronx
8472.06,Valentine Ave & E 183 St,Bronx
4095.10,Van Brunt St & Van Dyke St,Brooklyn
4095.03,Van Brunt St & Wolcott St,Brooklyn
4568.01,Van Buren St & Broadway,Brooklyn
6096.01,Van Cleef St & 108 St,Queens
8859.03,Van Cortlandt Park S & Dickinson Ave,Bronx
8876.04,Van Cortlandt Park S & Gouverneur Ave,Bronx
5883.06,Van Dam St & Greenpoint Ave,Queens
5572.07,Van Dam St & Meeker Ave,Brooklyn
4087.01,Van Sinderen Ave & Atlantic Ave,Brooklyn
4161.01,Van Sinderen Ave & Truxton St,Brooklyn
6937.07,Vernon Blvd & 10 St,Queens
7003.06,Vernon Blvd & 31 Ave,Queens
6514.08,Vernon Blvd & 41 Rd,Queens
6212.08,Vernon Blvd & 47 Rd,Queens
6170.02,Vernon Blvd & 50 Ave,Queens
4214.04,Verona Pl & Fulton St,Brooklyn
8790.08,Verveelen Pl & Broadway,Bronx
5297.02,Vesey Pl & River Terrace,Tribeca
5216.06,Vesey St & Church St,Fidi
5216.07,Vesey St & Greenwich St,Tribeca
8306.03,Vyse Ave & E 181 St,Bronx
5847.06,W 10 St & Washington St,WestVillage
7580.01,W 100 St & Broadway,UWS
7538.14,W 100 St & Manhattan Ave,UWS
7610.13,W 104 St & Amsterdam Ave,UWS
7634.01,W 106 St & Amsterdam Ave,UWS
7606.01,W 106 St & Central Park W,UWS
7619.05,W 107 St & Columbus Ave,UWS
5914.03,W 11 St & 6 Ave,WestVillage
7646.04,W 110 St & Amsterdam Ave,Harlem
7587.16,W 111 St & 5 Ave,Harlem
7713.01,W 113 St & Broadway,Harlem
7692.11,W 116 St & Amsterdam Ave,Harlem
7713.11,W 116 St & Broadway,Harlem
5997.10,W 12 St & Hudson St,WestVillage
7745.07,W 120 St & Claremont Ave,Harlem
7818.17,W 129 St & Convent Ave,Harlem
5947.04,W 13 St & 5 Ave,WestVillage
6030.04,W 13 St & 7 Ave,WestVillage
7925.04,W 133 St & 12 Ave,Harlem
7832.04,W 135 St & Lenox Terrace Pl,Harlem
7981.27,W 140 St & Riverside Dr,Harlem
7932.10,W 144 St & Adam Clayton Powell Blvd,Harlem
7997.08,W 145 St & Amsterdam Ave,Harlem
8018.09,W 146 St & Broadway,Harlem
7971.07,W 147 St & Adam Clayton Powell Blvd,Harlem
8033.09,W 148 St & Amsterdam Ave,Harlem
6115.09,W 15 St & 10 Ave,Chelsea
5989.02,W 15 St & 6 Ave,Chelsea
6030.06,W 15 St & 7 Ave,Chelsea
8065.13,W 155 St & Frederick Douglass Blvd,Inwood
8119.05,W 159 St & Edgecombe Ave,Inwood
6233.05,W 16 St & The High Line,Chelsea
8176.01,W 160 St & Riverside Dr,Inwood
8138.07,W 160 St & St Nicholas Ave,Inwood
8153.10,W 163 St & Edgecombe Ave,Inwood
8210.01,W 163 St & Riverside Dr,Inwood
8226.05,W 165 St & Fort Washington Ave,Inwood
8226.07,W 168 St & Fort Washington Ave,Inwood
6107.08,W 17 St & 7 Ave,Chelsea
6148.02,W 17 St & 8 Ave,Chelsea
8254.01,W 170 St & University Ave,Bronx
8262.07,W 171 St & St Nicholas Ave,Inwood
8366.06,W 176 St & Montgomery Ave,Bronx
6064.08,W 18 St & 6 Ave,Flatiron
6190.03,W 18 St & 9 Ave,Chelsea
8358.03,W 180 St & Fort Washington Ave,Inwood
8381.04,W 181 St & Riverside Dr,Inwood
8416.10,W 186 St & St Nicholas Ave,Inwood
8474.02,W 190 St & Broadway,Inwood
8453.14,W 190 St & St Nicholas Ave,Inwood
8639.01,W 192 St & University Ave,Bronx
6306.01,W 20 St & 10 Ave,Chelsea
6098.02,W 20 St & 5 Ave,Flatiron
6182.02,W 20 St & 7 Ave,Chelsea
6224.05,W 20 St & 8 Ave,Chelsea
8579.03,W 204 St & Nagle Ave,Inwood
8632.07,W 204 St & Vermilyea Ave,Inwood
6140.05,W 21 St & 6 Ave,Chelsea
8647.10,W 211 St & 10 Ave,Inwood
8715.06,W 218 St & Broadway,Inwood
8732.04,W 218 St & Indian Rd,Inwood
6306.06,W 22 St & 10 Ave,Chelsea
6224.03,W 22 St & 8 Ave,Chelsea
8711.02,W 225 St & Exterior St,Bronx
8806.01,W 230 St & Marble Hill Ave,Bronx
8802.05,W 233 St & Albany Crescent,Bronx
8897.05,W 238 St & Tibbett Ave,Bronx
6257.03,W 24 St & 7 Ave,Chelsea
6215.04,W 25 St & 6 Ave,Flatiron
6297.08,W 25 St & 8 Ave,Chelsea
6339.06,W 25 St & 9 Ave,Chelsea
6382.05,W 26 St & 10 Ave,Chelsea
6215.07,W 27 St & 6 Ave,Flatiron
6257.06,W 27 St & 7 Ave,Chelsea
6416.06,W 29 St & 9 Ave,Chelsea
6459.07,W 30 St & 10 Ave,Chelsea
6373.07,W 30 St & 8 Ave,Chelsea
6331.01,W 31 St & 7 Ave,Chelsea
6492.04,W 33 St & 10 Ave,Chelsea
6578.01,W 34 St & 11 Ave,HellsKitchen
6535.04,W 34 St & Hudson Blvd E,Chelsea
6526.01,W 35 St & 8 Ave,MidtownC
6569.09,W 35 St & 9 Ave,HellsKitchen
6569.08,W 35 St & Dyer Ave,HellsKitchen
6483.06,W 36 St & 7 Ave,MidtownC
6569.07,W 36 St & 9 Ave,HellsKitchen
6611.02,W 37 St & 10 Ave,HellsKitchen
6398.06,W 37 St & 5 Ave,MidtownC
6441.06,W 37 St & Broadway,MidtownC
5880.02,W 4 St & 7 Ave S,WestVillage
6560.14,W 40 St & 7 Ave,MidtownC
6602.03,W 41 St & 8 Ave,MidtownC
6517.08,W 42 St & 6 Ave,MidtownC
6602.05,W 42 St & 8 Ave,HellsKitchen
6644.07,W 42 St & Dyer Ave,HellsKitchen
6756.01,W 43 St & 10 Ave,HellsKitchen
6593.14,W 43 St & 6 Ave,MidtownC
6756.05,W 44 St & 11 Ave,HellsKitchen
6551.02,W 44 St & 5 Ave,MidtownC
6676.02,W 45 St & 8 Ave,HellsKitchen
6795.01,W 46 St & 11 Ave,HellsKitchen
6824.07,W 47 St & 10 Ave,HellsKitchen
6667.04,W 47 St & 6 Ave,MidtownC
6786.02,W 47 St & 9 Ave,HellsKitchen
6626.11,W 48 St &  Rockefeller Plaza,MidtownC
6747.06,W 49 St & 8 Ave,HellsKitchen
6890.06,W 50 St & 10 Ave,HellsKitchen
6854.05,W 50 St & 9 Ave,HellsKitchen
6740.10,W 51 St & 6 Ave,MidtownC
6779.07,W 51 St & 7 Ave,MidtownC
6700.14,W 51 St & Rockefeller Plaza,MidtownC
6926.01,W 52 St & 11 Ave,HellsKitchen
6700.01,W 52 St & 5 Ave,MidtownC
6740.01,W 52 St & 6 Ave,MidtownC
6890.01,W 53 St & 10 Ave,HellsKitchen
6955.05,W 54 St & 11 Ave,HellsKitchen
6771.13,W 54 St & 6 Ave,MidtownC
6920.05,W 54 St & 9 Ave,HellsKitchen
6809.09,W 55 St & 6 Ave,MidtownC
6955.01,W 56 St & 10 Ave,HellsKitchen
6809.07,W 56 St & 6 Ave,MidtownC
6884.03,W 56 St & 8 Ave,MidtownC
7023.04,W 59 St & 10 Ave,HellsKitchen
7052.01,W 63 St & Broadway,UWS
7123.04,W 64 St & Thelonious Monk Circle,UWS
7116.04,W 67 St & Broadway,UWS
7207.08,W 70 St & Amsterdam Ave,UWS
7230.10,W 74 St & Columbus Ave,UWS
7281.09,W 76 St & Columbus Ave,UWS
7311.07,W 78 St & Broadway,UWS
7304.08,W 82 St & Central Park W,UWS
7409.04,W 84 St & Amsterdam Ave,UWS
7458.03,W 87 St & Amsterdam Ave,UWS
7484.05,W 87 St & West End Ave,UWS
7432.09,W 89 St & Columbus Ave,UWS
7458.09,W 90 St & Amsterdam Ave,UWS
7502.01,W 92 St & Broadway,UWS
7541.01,W 95 St & Broadway,UWS
5569.06,W Broadway & Spring St,WestVillage
5644.05,W Broadway & W Houston St,WestVillage
5569.07,W Broadway & Watts St,WestVillage
8590.01,W Fordham Rd & Loring Pl N,Bronx
8841.03,W Mosholu Pkwy S & Sedgwick Ave,Bronx
8384.03,W Tremont Ave & Grand Ave,Bronx
8428.04,W Tremont Ave & Matthewson Rd,Bronx
8407.03,W Tremont Ave & Montgomery Ave,Bronx
8299.03,Wadsworth Ave & W 175 St,Inwood
8336.02,Wadsworth Ave & W 179 St,Inwood
2932.03,Wakeman Pl & Ridge Blvd,Brooklyn
6020.02,Waldron St & 108 St,Queens
7751.05,Wales Ave & E 147 St,Bronx
5351.07,Walker St & Baxter St,Tribeca
4826.04,Wallabout St & Kent Ave,Brooklyn
7639.06,Walnut Ave & E 136 St,Bronx
7945.03,Walton Ave & E 151 St,Bronx
7945.07,Walton Ave & E 153 St,Bronx
8179.03,Walton Ave & E 168 St,Bronx
8249.10,Walton Ave & E 171 St,Bronx
8362.02,Walton Ave & E 176 St,Bronx
8514.05,Walton Ave & E 183 St,Bronx
7327.01,Wards Meadow Comfort Station,Queens
4413.08,Warren St & Court St,Brooklyn
6346.07,Warren St & Roosevelt Ave,Queens
4371.01,Warren St & Smith St,Brooklyn
5288.09,Warren St & W Broadway,Tribeca
7995.04,Washington Ave & E 163 St,Bronx
8068.01,Washington Ave & E 167 St,Bronx
8277.03,Washington Ave & E 174 St,Bronx
3704.01,Washington Ave & Empire Blvd,Brooklyn
4724.03,Washington Ave & Park Ave,Brooklyn
4116.09,Washington Ave & Park Pl,Brooklyn
4546.05,Washington Park,Brooklyn
5838.09,Washington Pl & 6 Ave,WestVillage
5755.01,Washington Pl & Broadway,WestVillage
5755.15,Washington Pl & Greene St,WestVillage
5847.08,Washington St & Barrow St,WestVillage
6039.06,Washington St & Gansevoort St,WestVillage
5509.02,Washington St & Laight St,Tribeca
5024.10,Water St & Fletcher St,Fidi
4993.15,Water St & Gouverneur Ln,Fidi
5099.02,Waterbury St & Stagg St,Brooklyn
8216.02,Waterloo Pl & Crotona Park East,Bronx
5578.02,Watts St & Greenwich St,Tribeca
4461.07,Waverly Ave & Lafayette Ave,Brooklyn
8624.01,Webb Ave & W 190 St,Bronx
8052.01,Webster Ave & E 166 St,Bronx
8472.08,Webster Ave & Ford St,Bronx
3651.04,West Drive & Prospect Park West,Brooklyn
7650.05,West End Ave & W 107 St,UWS
7059.08,West End Ave & W 60 St,UWS
7524.09,West End Ave & W 94 St,UWS
8076.08,West Farms Rd & Boone Ave,Bronx
5329.03,West St & Chambers St,Tribeca
5184.08,West St & Liberty St,Fidi
5114.06,West Thames St,Fidi
7891.06,Westchester Ave & E 156 St,Bronx
7853.01,Westchester Ave & Jackson Ave,Bronx
7909.07,Westchester Ave & Longwood Ave,Bronx
8004.03,Westchester Ave & Southern Blvd,Bronx
5099.03,White St & Johnson Ave,Brooklyn
4987.06,White St & Moore St,Brooklyn
6165.06,Whitney Ave & Ketcham Pl,Queens
8167.02,Wilkins Ave & Crotona Park E,Bronx
5065.12,William St & Pine St,Fidi
7691.05,Willis Ave & Bruckner Blvd,Bronx
7726.02,Willis Ave & E 137 St,Bronx
7759.08,Willis Ave & E 141 St,Bronx
7798.02,Willis Ave & E 143 St,Bronx
4611.03,Willoughby Ave & Hall St,Brooklyn
4759.02,Willoughby Ave & Myrtle Ave,Brooklyn
5115.05,Willoughby Ave & Onderdonk Ave,Queens
4665.02,Willoughby Ave & Tompkins Ave,Brooklyn
4634.02,Willoughby Ave & Walworth St,Brooklyn
5010.02,Willoughby Ave & Wyckoff Ave,Brooklyn
4587.02,Willoughby St & Ashland Pl,Brooklyn
4628.05,Willoughby St & Fleet St,Brooklyn
7626.02,Willow Ave & E 133 St,Bronx
4507.07,Wilson Ave & Moffat St,Brooklyn
4864.09,Wilson Ave & Troutman St,Brooklyn
3620.02,Windsor Pl & 8 Ave,Brooklyn
3579.04,Windsor Pl & Howard Pl,Brooklyn
3535.03,Winthrop St & Albany Ave,Brooklyn
3544.02,Winthrop St & Nostrand Ave,Brooklyn
3512.03,Winthrop St & Rogers Ave,Brooklyn
3526.04,Winthrop St & Schenectady Ave,Brooklyn
5362.08,Withers St & Kingsland Ave,Brooklyn
5845.02,Woodhaven Blvd & Hoffman Dr,Queens
6276.02,Woodside Ave & 55 St,Queens
6183.03,Woodside Ave & 69 St,Queens
6234.03,Woodside Ave & Roosevelt Ave,Queens
5074.08,Woodward Ave & Harman St,Queens
4615.01,Wyckoff Ave & Cooper Ave,Queens
4847.03,Wyckoff Ave & Gates Ave,Queens
4847.03,Wyckoff Ave & Gates Ave,Brooklyn
5051.01,Wyckoff Ave & Jefferson St,Brooklyn
4931.05,Wyckoff Ave & Stanhope St,Brooklyn
4290.06,Wyckoff St & 3 Ave,Brooklyn
5348.02,Wythe Ave & Metropolitan Ave,Brooklyn
5558.04,Wythe Ave & N 13 St,Brooklyn
4440.02,Yankee Ferry Terminal,0
